symbol,sector_group
AAA,ICB2:1300
AAM,ICB2:3500
AAN,ICB2:3500
AAT,ICB2:3700
ABR,ICB2:2700
ABS,ICB2:1300
ABT,ICB2:3500
ACB,ICB2:8300
ACC,ICB2:2300
ACG,ICB2:1700
ACL,ICB2:3500
ADC,ICB2:5500
ADG,ICB2:5500
ADP,ICB2:2300
ADS,ICB2:3700
AFX,ICB2:5300
AGG,ICB2:8600
AGR,ICB2:8700
ALT,ICB2:5500
AMC,ICB2:1700
AME,ICB2:2700
AMV,ICB2:4500
ANT,ICB2:3500
ANV,ICB2:3500
APG,ICB2:8700
APH,ICB2:2700
API,ICB2:8600
APS,ICB2:8700
ARM,ICB2:2700
ASG,ICB2:2700
ASM,ICB2:3500
ASP,ICB2:7500
AST,ICB2:5300
ATS,ICB2:5700
BAB,ICB2:8300
BAF,ICB2:3500
BAX,ICB2:2300
BBS,ICB2:2700
BCC,ICB2:2300
BCE,ICB2:2300
BCF,ICB2:3500
BCM,ICB2:8600
BED,ICB2:5500
BFC,ICB2:1300
BHN,ICB2:3500
BIC,ICB2:8500
BID,ICB2:8300
BKC,ICB2:1700
BKG,ICB2:3700
BMC,ICB2:1700
BMI,ICB2:8500
BMP,ICB2:2300
BNA,ICB2:3500
BPC,ICB2:2700
BRC,ICB2:1300
BSI,ICB2:8700
BSR,ICB2:0500
BTP,ICB2:7500
BTS,ICB2:2300
BTT,ICB2:5300
BTW,ICB2:7500
BVB,ICB2:8300
BVH,ICB2:8500
BVS,ICB2:8700
BWE,ICB2:7500
BXH,ICB2:2700
C32,ICB2:2300
C47,ICB2:2300
C69,ICB2:2300
CAG,ICB2:2700
CAN,ICB2:3500
CAP,ICB2:1700
CAR,ICB2:2700
CCC,ICB2:2300
CCI,ICB2:7500
CCL,ICB2:8600
CCR,ICB2:2700
CDC,ICB2:2300
CDN,ICB2:2700
CEO,ICB2:8600
CET,ICB2:3700
CHP,ICB2:7500
CIA,ICB2:2700
CIG,ICB2:2300
CII,ICB2:2300
CJC,ICB2:2700
CKG,ICB2:8600
CKV,ICB2:9500
CLC,ICB2:3700
CLH,ICB2:2300
CLL,ICB2:2700
CLM,ICB2:1700
CLW,ICB2:7500
CMC,ICB2:2700
CMG,ICB2:9500
CMS,ICB2:2300
CMV,ICB2:5300
CMX,ICB2:3500
CNG,ICB2:7500
COM,ICB2:5300
CPC,ICB2:1300
CRC,ICB2:2300
CRE,ICB2:8600
CRV,ICB2:8600
CSC,ICB2:2300
CSM,ICB2:3300
CST,ICB2:1700
CSV,ICB2:1300
CTB,ICB2:2700
CTD,ICB2:2300
CTF,ICB2:3300
CTG,ICB2:8300
CTI,ICB2:2300
CTP,ICB2:3500
CTR,ICB2:2300
CTS,ICB2:8700
CTT,ICB2:2700
CVT,ICB2:2300
CX8,ICB2:2300
D11,ICB2:8600
D2D,ICB2:8600
DAD,ICB2:5500
DAE,ICB2:5500
DAH,ICB2:5700
DAT,ICB2:3500
DBC,ICB2:3500
DBD,ICB2:4500
DBT,ICB2:4500
DC2,ICB2:2300
DC4,ICB2:2300
DCL,ICB2:4500
DCM,ICB2:1300
DGC,ICB2:1300
DGW,ICB2:5300
DHA,ICB2:2300
DHC,ICB2:1700
DHG,ICB2:4500
DHM,ICB2:1700
DHP,ICB2:2700
DHT,ICB2:4500
DIG,ICB2:8600
DIH,ICB2:8600
DL1,ICB2:2700
DLG,ICB2:2300
DMC,ICB2:4500
DMX,ICB2:5300
DNC,ICB2:7500
DNP,ICB2:2300
DP3,ICB2:4500
DPG,ICB2:2300
DPM,ICB2:1300
DPR,ICB2:1300
DQC,ICB2:3700
DRC,ICB2:3300
DRH,ICB2:8600
DRL,ICB2:7500
DS3,ICB2:2700
DSC,ICB2:8700
DSE,ICB2:8700
DSN,ICB2:5700
DST,ICB2:5500
DTA,ICB2:8600
DTD,ICB2:8600
DTG,ICB2:4500
DTK,ICB2:7500
DTL,ICB2:1700
DTT,ICB2:1300
DVM,ICB2:4500
DVP,ICB2:2700
DXG,ICB2:8600
DXP,ICB2:2700
DXS,ICB2:8600
DXV,ICB2:2300
EBS,ICB2:5500
ECI,ICB2:5500
EIB,ICB2:8300
EID,ICB2:5500
ELC,ICB2:9500
EVE,ICB2:3700
EVF,ICB2:8700
EVG,ICB2:2300
EVS,ICB2:8700
FCM,ICB2:2300
FCN,ICB2:2300
FDC,ICB2:8600
FID,ICB2:2300
FIR,ICB2:8600
FIT,ICB2:4500
FMC,ICB2:3500
FPT,ICB2:9500
FRT,ICB2:5300
FTS,ICB2:8700
GAS,ICB2:7500
GDT,ICB2:3700
GDW,ICB2:7500
GEE,ICB2:2700
GEG,ICB2:7500
GEL,ICB2:2300
GEX,ICB2:2700
GHC,ICB2:7500
GIC,ICB2:2700
GIL,ICB2:3700
GKM,ICB2:2300
GLT,ICB2:3700
GMA,ICB2:3300
GMD,ICB2:2700
GMH,ICB2:2300
GMX,ICB2:2300
GSP,ICB2:2700
GTA,ICB2:1700
GVR,ICB2:1300
HAD,ICB2:3500
HAG,ICB2:3500
HAH,ICB2:2700
HAP,ICB2:1700
HAR,ICB2:8600
HAS,ICB2:2300
HAT,ICB2:3500
HAX,ICB2:3300
HBS,ICB2:8700
HCC,ICB2:2300
HCD,ICB2:1300
HCM,ICB2:8700
HCT,ICB2:2700
HDA,ICB2:2300
HDB,ICB2:8300
HDC,ICB2:8600
HDG,ICB2:7500
HEV,ICB2:5500
HGM,ICB2:1700
HHC,ICB2:3500
HHP,ICB2:1700
HHS,ICB2:3300
HHV,ICB2:2300
HID,ICB2:2300
HII,ICB2:1300
HJS,ICB2:7500
HKT,ICB2:3500
HLC,ICB2:1700
HLD,ICB2:8600
HMC,ICB2:1700
HMH,ICB2:2700
HMR,ICB2:2300
HNA,ICB2:7500
HOM,ICB2:2300
HPA,ICB2:3500
HPG,ICB2:1700
HPX,ICB2:8600
HQC,ICB2:8600
HRC,ICB2:1300
HSG,ICB2:1700
HSL,ICB2:3500
HT1,ICB2:2300
HTC,ICB2:7500
HTG,ICB2:3700
HTI,ICB2:2300
HTL,ICB2:3300
HTN,ICB2:8600
HTV,ICB2:2700
HU1,ICB2:2300
HUB,ICB2:2300
HUT,ICB2:3300
HVH,ICB2:2300
HVN,ICB2:5700
HVT,ICB2:1300
ICG,ICB2:2300
ICT,ICB2:9500
IDC,ICB2:8600
IDI,ICB2:3500
IDJ,ICB2:8600
IDV,ICB2:8600
IJC,ICB2:8600
ILB,ICB2:2700
IMP,ICB2:4500
INC,ICB2:2300
INN,ICB2:2700
IPA,ICB2:2700
ITC,ICB2:8600
ITD,ICB2:9500
ITQ,ICB2:1700
IVS,ICB2:8700
JVC,ICB2:4500
KBC,ICB2:8600
KDC,ICB2:3500
KDH,ICB2:8600
KDM,ICB2:2300
KHG,ICB2:8600
KHP,ICB2:7500
KHS,ICB2:3500
KKC,ICB2:1700
KLB,ICB2:8300
KMR,ICB2:3700
KMT,ICB2:1700
KOS,ICB2:8600
KSB,ICB2:2300
KSD,ICB2:3700
KSF,ICB2:8600
KST,ICB2:9500
KSV,ICB2:1700
KTS,ICB2:3500
L10,ICB2:2700
L14,ICB2:2300
L18,ICB2:2300
L40,ICB2:2300
LAF,ICB2:3500
LAS,ICB2:1300
LBE,ICB2:3700
LBM,ICB2:2300
LCD,ICB2:2300
LCG,ICB2:2300
LDG,ICB2:8600
LDP,ICB2:4500
LGC,ICB2:2300
LGL,ICB2:8600
LHC,ICB2:2300
LHG,ICB2:8600
LIG,ICB2:2300
LIX,ICB2:3700
LM8,ICB2:2300
LPB,ICB2:8300
LPS,ICB2:8700
LSS,ICB2:3500
MAC,ICB2:2700
MAS,ICB2:5700
MBB,ICB2:8300
MBG,ICB2:2300
MBS,ICB2:8700
MCC,ICB2:2300
MCF,ICB2:3500
MCH,ICB2:3500
MCM,ICB2:3500
MCO,ICB2:2300
MCP,ICB2:2700
MDC,ICB2:1700
MDG,ICB2:2300
MED,ICB2:4500
MEL,ICB2:1700
MHC,ICB2:2700
MIC,ICB2:1700
MIG,ICB2:8500
MKV,ICB2:4500
MSB,ICB2:8300
MSH,ICB2:3700
MSN,ICB2:3500
MST,ICB2:2300
MVB,ICB2:1700
MWG,ICB2:5300
MZG,ICB2:1700
NAB,ICB2:8300
NAF,ICB2:3500
NAG,ICB2:2700
NAP,ICB2:2700
NAV,ICB2:2300
NBB,ICB2:8600
NBC,ICB2:1700
NBP,ICB2:7500
NBW,ICB2:7500
NCT,ICB2:2700
NDN,ICB2:8600
NDX,ICB2:2300
NET,ICB2:3700
NFC,ICB2:1300
NHA,ICB2:2300
NHC,ICB2:2300
NHH,ICB2:1300
NHT,ICB2:3700
NKG,ICB2:1700
NLG,ICB2:8600
NNC,ICB2:2300
NO1,ICB2:2700
NRC,ICB2:8600
NSC,ICB2:3500
NSH,ICB2:1700
NST,ICB2:3700
NT2,ICB2:7500
NTC,ICB2:8600
NTH,ICB2:7500
NTL,ICB2:8600
NTP,ICB2:2300
NVB,ICB2:8300
NVL,ICB2:8600
NVT,ICB2:8600
OCB,ICB2:8300
OCH,ICB2:3500
OGC,ICB2:8700
ONE,ICB2:9500
OPC,ICB2:4500
ORS,ICB2:8700
PAC,ICB2:2700
PAN,ICB2:3500
PBP,ICB2:2700
PC1,ICB2:2300
PCE,ICB2:1300
PCH,ICB2:1300
PCT,ICB2:2700
PDB,ICB2:2300
PDN,ICB2:2700
PDR,ICB2:8600
PDV,ICB2:2700
PEN,ICB2:2300
PET,ICB2:5300
PGC,ICB2:7500
PGD,ICB2:7500
PGI,ICB2:8500
PGN,ICB2:1300
PGS,ICB2:7500
PGT,ICB2:5700
PGV,ICB2:7500
PHC,ICB2:2300
PHN,ICB2:2700
PHR,ICB2:1300
PIA,ICB2:6500
PIC,ICB2:7500
PIT,ICB2:5300
PJC,ICB2:7500
PJT,ICB2:2700
PLC,ICB2:1300
PLP,ICB2:1300
PLX,ICB2:0500
PMB,ICB2:1300
PMC,ICB2:4500
PMG,ICB2:7500
PMP,ICB2:2700
PMS,ICB2:2700
PNC,ICB2:5500
PNJ,ICB2:3700
POT,ICB2:9500
POW,ICB2:7500
PPC,ICB2:7500
PPE,ICB2:2700
PPP,ICB2:4500
PPS,ICB2:2700
PPT,ICB2:7500
PPY,ICB2:7500
PRC,ICB2:2700
PRE,ICB2:8500
PSC,ICB2:2700
PSD,ICB2:5300
PSE,ICB2:1300
PSI,ICB2:8700
PSW,ICB2:1300
PTB,ICB2:1700
PTC,ICB2:2300
PTD,ICB2:2300
PTI,ICB2:8500
PTL,ICB2:8600
PTS,ICB2:2700
PTX,ICB2:7500
PV2,ICB2:8600
PVB,ICB2:0500
PVC,ICB2:0500
PVD,ICB2:0500
PVG,ICB2:7500
PVI,ICB2:8500
PVP,ICB2:2700
PVS,ICB2:0500
PVT,ICB2:2700
QCG,ICB2:8600
QHD,ICB2:2700
QNP,ICB2:2700
QST,ICB2:5500
QTC,ICB2:2300
RAL,ICB2:3700
RCL,ICB2:8600
REE,ICB2:7500
RYG,ICB2:2300
S4A,ICB2:7500
S55,ICB2:2300
S99,ICB2:2300
SAB,ICB2:3500
SAF,ICB2:3500
SAM,ICB2:9500
SAV,ICB2:1700
SBA,ICB2:7500
SBG,ICB2:2700
SBT,ICB2:3500
SBV,ICB2:5300
SC5,ICB2:2300
SCG,ICB2:2300
SCI,ICB2:2300
SCR,ICB2:8600
SCS,ICB2:5700
SD5,ICB2:2300
SD9,ICB2:2300
SDC,ICB2:2700
SDG,ICB2:2700
SDN,ICB2:2300
SDU,ICB2:2300
SEB,ICB2:7500
SED,ICB2:5500
SFC,ICB2:7500
SFG,ICB2:1300
SFI,ICB2:2700
SFN,ICB2:2700
SGC,ICB2:3500
SGD,ICB2:5500
SGH,ICB2:5700
SGN,ICB2:2700
SGR,ICB2:8600
SGT,ICB2:9500
SHA,ICB2:1700
SHB,ICB2:8300
SHE,ICB2:3700
SHI,ICB2:1700
SHN,ICB2:1700
SHP,ICB2:7500
SHS,ICB2:8700
SIP,ICB2:8600
SJ1,ICB2:3500
SJD,ICB2:7500
SJE,ICB2:2300
SJS,ICB2:8600
SKG,ICB2:5700
SLS,ICB2:3500
SMA,ICB2:7500
SMB,ICB2:3500
SMC,ICB2:1700
SMN,ICB2:5500
SMT,ICB2:9500
SPC,ICB2:1300
SPM,ICB2:4500
SRA,ICB2:4500
SRC,ICB2:3300
SRF,ICB2:2700
SSB,ICB2:8300
SSC,ICB2:3500
SSI,ICB2:8700
SSM,ICB2:1700
ST8,ICB2:9500
STB,ICB2:8300
STC,ICB2:5500
STG,ICB2:2700
STK,ICB2:3700
STP,ICB2:2700
SVC,ICB2:3300
SVD,ICB2:3700
SVN,ICB2:2300
SVT,ICB2:5300
SZB,ICB2:8600
SZC,ICB2:8600
SZL,ICB2:8600
TA9,ICB2:2300
TAL,ICB2:8600
TBC,ICB2:7500
TCB,ICB2:8300
TCH,ICB2:8600
TCI,ICB2:8700
TCL,ICB2:2700
TCM,ICB2:3700
TCO,ICB2:3500
TCR,ICB2:2300
TCT,ICB2:5700
TCX,ICB2:8700
TD6,ICB2:1700
TDC,ICB2:8600
TDG,ICB2:7500
TDH,ICB2:8600
TDM,ICB2:7500
TDP,ICB2:2700
TDT,ICB2:3700
TDW,ICB2:7500
TEG,ICB2:8600
TET,ICB2:3700
TFC,ICB2:3500
THB,ICB2:3500
THD,ICB2:8600
THG,ICB2:2300
THS,ICB2:5300
THT,ICB2:1700
TIG,ICB2:8600
TIP,ICB2:8600
TIX,ICB2:8600
TJC,ICB2:2700
TKU,ICB2:1700
TLD,ICB2:2300
TLG,ICB2:3700
TLH,ICB2:1700
TMB,ICB2:1700
TMC,ICB2:7500
TMP,ICB2:7500
TMS,ICB2:2700
TMT,ICB2:3300
TMX,ICB2:2300
TN1,ICB2:8600
TNC,ICB2:1300
TNG,ICB2:3700
TNH,ICB2:4500
TNI,ICB2:1700
TNT,ICB2:2300
TOT,ICB2:2700
TPB,ICB2:8300
TPC,ICB2:1300
TPP,ICB2:2700
TRA,ICB2:4500
TRC,ICB2:1300
TSA,ICB2:2300
TSB,ICB2:2700
TSC,ICB2:1300
TTA,ICB2:7500
TTC,ICB2:2300
TTE,ICB2:7500
TTF,ICB2:1700
TTH,ICB2:1700
TTL,ICB2:2300
TTT,ICB2:5700
TV2,ICB2:2700
TV3,ICB2:2700
TV4,ICB2:2700
TVB,ICB2:8700
TVC,ICB2:8700
TVD,ICB2:1700
TVS,ICB2:8700
TVT,ICB2:3700
TXM,ICB2:2300
TYA,ICB2:2700
UIC,ICB2:7500
UNI,ICB2:9500
V12,ICB2:2300
V21,ICB2:8600
VAB,ICB2:8300
VBB,ICB2:8300
VBC,ICB2:2700
VC1,ICB2:2300
VC2,ICB2:2300
VC3,ICB2:8600
VC6,ICB2:2300
VC7,ICB2:2300
VC9,ICB2:2300
VCA,ICB2:1700
VCB,ICB2:8300
VCC,ICB2:2300
VCF,ICB2:3500
VCG,ICB2:2300
VCI,ICB2:8700
VCK,ICB2:8700
VCM,ICB2:2700
VCS,ICB2:2300
VDL,ICB2:3500
VDP,ICB2:4500
VDS,ICB2:8700
VE1,ICB2:2300
VE3,ICB2:2300
VE4,ICB2:2300
VFG,ICB2:1300
VFS,ICB2:8700
VGC,ICB2:2300
VGP,ICB2:2700
VGS,ICB2:1700
VHC,ICB2:3500
VHE,ICB2:4500
VHL,ICB2:2300
VHM,ICB2:8600
VIB,ICB2:8300
VIC,ICB2:8600
VID,ICB2:1700
VIF,ICB2:1700
VIG,ICB2:8700
VIP,ICB2:2700
VIT,ICB2:2300
VIX,ICB2:8700
VJC,ICB2:5700
VLA,ICB2:9500
VMC,ICB2:2300
VMD,ICB2:4500
VMS,ICB2:2700
VNC,ICB2:2700
VND,ICB2:8700
VNF,ICB2:2700
VNG,ICB2:5700
VNL,ICB2:2700
VNM,ICB2:3500
VNR,ICB2:8500
VNS,ICB2:5700
VNT,ICB2:2700
VOS,ICB2:2700
VPB,ICB2:8300
VPD,ICB2:7500
VPG,ICB2:1700
VPH,ICB2:8600
VPI,ICB2:8600
VPL,ICB2:5700
VPS,ICB2:1300
VPX,ICB2:8700
VRC,ICB2:8600
VRE,ICB2:8600
VSA,ICB2:2700
VSC,ICB2:2700
VSH,ICB2:7500
VSI,ICB2:2300
VSM,ICB2:2700
VTB,ICB2:2700
VTC,ICB2:9500
VTH,ICB2:2700
VTJ,ICB2:3700
VTO,ICB2:2700
VTP,ICB2:2700
VTV,ICB2:2300
VTZ,ICB2:1300
VVS,ICB2:3300
WCS,ICB2:2700
WSS,ICB2:8700
X20,ICB2:3700
YBM,ICB2:1700
YEG,ICB2:5500
