date,branch,cash,equity,positions
2020-02-06,TFM,100000000.0,100000000.0,0
2020-02-07,TFM,100000000.0,100000000.0,0
2020-02-10,TFM,100000000.0,100000000.0,0
2020-02-11,TFM,100000000.0,100000000.0,0
2020-02-12,TFM,100000000.0,100000000.0,0
2020-02-13,TFM,100000000.0,100000000.0,0
2020-02-14,TFM,100000000.0,100000000.0,0
2020-02-17,TFM,100000000.0,100000000.0,0
2020-02-18,TFM,100000000.0,100000000.0,0
2020-02-19,TFM,100000000.0,100000000.0,0
2020-02-20,TFM,100000000.0,100000000.0,0
2020-02-21,TFM,100000000.0,100000000.0,0
2020-02-24,TFM,100000000.0,100000000.0,0
2020-02-25,TFM,100000000.0,100000000.0,0
2020-02-26,TFM,100000000.0,100000000.0,0
2020-02-27,TFM,100000000.0,100000000.0,0
2020-02-28,TFM,100000000.0,100000000.0,0
2020-03-02,TFM,100000000.0,100000000.0,0
2020-03-03,TFM,100000000.0,100000000.0,0
2020-03-05,TFM,100000000.0,100000000.0,0
2020-03-06,TFM,100000000.0,100000000.0,0
2020-03-09,TFM,100000000.0,100000000.0,0
2020-03-10,TFM,100000000.0,100000000.0,0
2020-03-11,TFM,100000000.0,100000000.0,0
2020-03-12,TFM,100000000.0,100000000.0,0
2020-03-13,TFM,100000000.0,100000000.0,0
2020-03-16,TFM,100000000.0,100000000.0,0
2020-03-17,TFM,100000000.0,100000000.0,0
2020-03-18,TFM,100000000.0,100000000.0,0
2020-03-19,TFM,100000000.0,100000000.0,0
2020-03-20,TFM,100000000.0,100000000.0,0
2020-03-23,TFM,100000000.0,100000000.0,0
2020-03-24,TFM,100000000.0,100000000.0,0
2020-03-25,TFM,100000000.0,100000000.0,0
2020-03-26,TFM,100000000.0,100000000.0,0
2020-03-27,TFM,100000000.0,100000000.0,0
2020-03-30,TFM,100000000.0,100000000.0,0
2020-03-31,TFM,100000000.0,100000000.0,0
2020-04-01,TFM,100000000.0,100000000.0,0
2020-04-03,TFM,100000000.0,100000000.0,0
2020-04-06,TFM,100000000.0,100000000.0,0
2020-04-07,TFM,100000000.0,100000000.0,0
2020-04-08,TFM,100000000.0,100000000.0,0
2020-04-09,TFM,100000000.0,100000000.0,0
2020-04-10,TFM,100000000.0,100000000.0,0
2020-04-13,TFM,100000000.0,100000000.0,0
2020-04-14,TFM,100000000.0,100000000.0,0
2020-04-15,TFM,100000000.0,100000000.0,0
2020-04-16,TFM,100000000.0,100000000.0,0
2020-04-17,TFM,100000000.0,100000000.0,0
2020-04-20,TFM,100000000.0,100000000.0,0
2020-04-21,TFM,100000000.0,100000000.0,0
2020-04-22,TFM,100000000.0,100000000.0,0
2020-04-23,TFM,100000000.0,100000000.0,0
2020-04-24,TFM,100000000.0,100000000.0,0
2020-04-27,TFM,100000000.0,100000000.0,0
2020-04-28,TFM,100000000.0,100000000.0,0
2020-04-29,TFM,100000000.0,100000000.0,0
2020-05-04,TFM,100000000.0,100000000.0,0
2020-05-05,TFM,100000000.0,100000000.0,0
2020-05-06,TFM,100000000.0,100000000.0,0
2020-05-07,TFM,100000000.0,100000000.0,0
2020-05-08,TFM,100000000.0,100000000.0,0
2020-05-11,TFM,100000000.0,100000000.0,0
2020-05-12,TFM,100000000.0,100000000.0,0
2020-05-13,TFM,100000000.0,100000000.0,0
2020-05-14,TFM,100000000.0,100000000.0,0
2020-05-19,TFM,100000000.0,100000000.0,0
2020-05-21,TFM,100000000.0,100000000.0,0
2020-05-22,TFM,100000000.0,100000000.0,0
2020-05-25,TFM,100000000.0,100000000.0,0
2020-05-26,TFM,100000000.0,100000000.0,0
2020-05-27,TFM,100000000.0,100000000.0,0
2020-05-28,TFM,100000000.0,100000000.0,0
2020-05-29,TFM,100000000.0,100000000.0,0
2020-06-01,TFM,100000000.0,100000000.0,0
2020-06-02,TFM,100000000.0,100000000.0,0
2020-06-03,TFM,100000000.0,100000000.0,0
2020-06-04,TFM,100000000.0,100000000.0,0
2020-06-05,TFM,100000000.0,100000000.0,0
2020-06-10,TFM,100000000.0,100000000.0,0
2020-06-11,TFM,100000000.0,100000000.0,0
2020-06-12,TFM,100000000.0,100000000.0,0
2020-06-15,TFM,100000000.0,100000000.0,0
2020-06-16,TFM,100000000.0,100000000.0,0
2020-06-17,TFM,100000000.0,100000000.0,0
2020-06-18,TFM,100000000.0,100000000.0,0
2020-06-19,TFM,100000000.0,100000000.0,0
2020-06-22,TFM,100000000.0,100000000.0,0
2020-06-23,TFM,100000000.0,100000000.0,0
2020-06-24,TFM,100000000.0,100000000.0,0
2020-06-25,TFM,100000000.0,100000000.0,0
2020-06-26,TFM,100000000.0,100000000.0,0
2020-06-29,TFM,100000000.0,100000000.0,0
2020-06-30,TFM,100000000.0,100000000.0,0
2020-07-01,TFM,100000000.0,100000000.0,0
2020-07-02,TFM,100000000.0,100000000.0,0
2020-07-03,TFM,100000000.0,100000000.0,0
2020-07-06,TFM,100000000.0,100000000.0,0
2020-07-07,TFM,100000000.0,100000000.0,0
2020-07-08,TFM,100000000.0,100000000.0,0
2020-07-09,TFM,100000000.0,100000000.0,0
2020-07-13,TFM,100000000.0,100000000.0,0
2020-07-14,TFM,100000000.0,100000000.0,0
2020-07-15,TFM,100000000.0,100000000.0,0
2020-07-16,TFM,100000000.0,100000000.0,0
2020-07-17,TFM,100000000.0,100000000.0,0
2020-07-20,TFM,100000000.0,100000000.0,0
2020-07-21,TFM,100000000.0,100000000.0,0
2020-07-22,TFM,100000000.0,100000000.0,0
2020-07-23,TFM,100000000.0,100000000.0,0
2020-07-24,TFM,100000000.0,100000000.0,0
2020-07-27,TFM,100000000.0,100000000.0,0
2020-07-28,TFM,100000000.0,100000000.0,0
2020-07-29,TFM,100000000.0,100000000.0,0
2020-07-30,TFM,100000000.0,100000000.0,0
2020-07-31,TFM,100000000.0,100000000.0,0
2020-08-03,TFM,100000000.0,100000000.0,0
2020-08-04,TFM,100000000.0,100000000.0,0
2020-08-05,TFM,100000000.0,100000000.0,0
2020-08-06,TFM,100000000.0,100000000.0,0
2020-08-07,TFM,100000000.0,100000000.0,0
2020-08-10,TFM,100000000.0,100000000.0,0
2020-08-11,TFM,100000000.0,100000000.0,0
2020-08-12,TFM,100000000.0,100000000.0,0
2020-08-13,TFM,100000000.0,100000000.0,0
2020-08-14,TFM,100000000.0,100000000.0,0
2020-08-17,TFM,100000000.0,100000000.0,0
2020-08-18,TFM,100000000.0,100000000.0,0
2020-08-19,TFM,100000000.0,100000000.0,0
2020-08-20,TFM,100000000.0,100000000.0,0
2020-08-21,TFM,100000000.0,100000000.0,0
2020-08-24,TFM,100000000.0,100000000.0,0
2020-08-25,TFM,100000000.0,100000000.0,0
2020-08-26,TFM,100000000.0,100000000.0,0
2020-08-27,TFM,100000000.0,100000000.0,0
2020-08-28,TFM,100000000.0,100000000.0,0
2020-08-31,TFM,100000000.0,100000000.0,0
2020-09-01,TFM,100000000.0,100000000.0,0
2020-09-03,TFM,100000000.0,100000000.0,0
2020-09-04,TFM,100000000.0,100000000.0,0
2020-09-07,TFM,100000000.0,100000000.0,0
2020-09-08,TFM,100000000.0,100000000.0,0
2020-09-09,TFM,100000000.0,100000000.0,0
2020-09-10,TFM,100000000.0,100000000.0,0
2020-09-11,TFM,100000000.0,100000000.0,0
2020-09-14,TFM,100000000.0,100000000.0,0
2020-09-15,TFM,100000000.0,100000000.0,0
2020-09-16,TFM,100000000.0,100000000.0,0
2020-09-17,TFM,100000000.0,100000000.0,0
2020-09-18,TFM,100000000.0,100000000.0,0
2020-09-21,TFM,100000000.0,100000000.0,0
2020-09-22,TFM,100000000.0,100000000.0,0
2020-09-23,TFM,100000000.0,100000000.0,0
2020-09-24,TFM,100000000.0,100000000.0,0
2020-09-25,TFM,100000000.0,100000000.0,0
2020-09-28,TFM,100000000.0,100000000.0,0
2020-09-29,TFM,100000000.0,100000000.0,0
2020-09-30,TFM,100000000.0,100000000.0,0
2020-10-01,TFM,100000000.0,100000000.0,0
2020-10-02,TFM,100000000.0,100000000.0,0
2020-10-05,TFM,100000000.0,100000000.0,0
2020-10-06,TFM,100000000.0,100000000.0,0
2020-10-07,TFM,100000000.0,100000000.0,0
2020-10-08,TFM,100000000.0,100000000.0,0
2020-10-09,TFM,100000000.0,100000000.0,0
2020-10-12,TFM,100000000.0,100000000.0,0
2020-10-13,TFM,100000000.0,100000000.0,0
2020-10-14,TFM,100000000.0,100000000.0,0
2020-10-15,TFM,100000000.0,100000000.0,0
2020-10-16,TFM,100000000.0,100000000.0,0
2020-10-19,TFM,100000000.0,100000000.0,0
2020-10-20,TFM,100000000.0,100000000.0,0
2020-10-21,TFM,100000000.0,100000000.0,0
2020-10-22,TFM,100000000.0,100000000.0,0
2020-10-23,TFM,100000000.0,100000000.0,0
2020-10-26,TFM,100000000.0,100000000.0,0
2020-10-27,TFM,100000000.0,100000000.0,0
2020-10-28,TFM,100000000.0,100000000.0,0
2020-10-29,TFM,100000000.0,100000000.0,0
2020-10-30,TFM,100000000.0,100000000.0,0
2020-11-02,TFM,100000000.0,100000000.0,0
2020-11-03,TFM,100000000.0,100000000.0,0
2020-11-04,TFM,100000000.0,100000000.0,0
2020-11-05,TFM,100000000.0,100000000.0,0
2020-11-06,TFM,100000000.0,100000000.0,0
2020-11-09,TFM,100000000.0,100000000.0,0
2020-11-10,TFM,100000000.0,100000000.0,0
2020-11-11,TFM,100000000.0,100000000.0,0
2020-11-12,TFM,100000000.0,100000000.0,0
2020-11-13,TFM,100000000.0,100000000.0,0
2020-11-16,TFM,87383482.71080297,99684238.86314672,1
2020-11-17,TFM,87383482.71080297,100007093.35533422,1
2020-11-18,TFM,63349198.38358265,101419701.8015514,2
2020-11-19,TFM,52950533.18560566,101912422.49224629,3
2020-11-20,TFM,52950533.18560566,101548232.30669941,3
2020-11-23,TFM,52950533.18560566,102302762.14068379,3
2020-11-24,TFM,52950533.18560566,102222204.37701191,3
2020-11-25,TFM,52950533.18560566,102490095.53912129,3
2020-11-26,TFM,52950533.18560566,102684773.95709004,3
2020-11-27,TFM,52950533.18560566,103182976.05669941,3
2020-11-30,TFM,52950533.18560566,103353028.15630879,3
2020-12-01,TFM,52950533.18560566,103759801.34966816,3
2020-12-02,TFM,52950533.18560566,104409133.13677754,3
2020-12-03,TFM,52950533.18560566,104621503.64459004,3
2020-12-04,TFM,52950533.18560566,104822577.61919941,3
2020-12-07,TFM,52950533.18560566,105323842.07232441,3
2020-12-08,TFM,52950533.18560566,106306219.51373066,3
2020-12-09,TFM,52950533.18560566,106786068.92779316,3
2020-12-10,TFM,52950533.18560566,106076645.68560566,3
2020-12-11,TFM,52950533.18560566,107326177.91216816,3
2020-12-14,TFM,52950533.18560566,108732858.57623066,3
2020-12-15,TFM,52950533.18560566,108195022.15044941,3
2020-12-16,TFM,52950533.18560566,108554461.01763691,3
2020-12-17,TFM,52950533.18560566,107918229.66998066,3
2020-12-18,TFM,52950533.18560566,109796807.89263691,3
2020-12-21,TFM,52950533.18560566,111372849.00591816,3
2020-12-22,TFM,52950533.18560566,111023285.43169941,3
2020-12-23,TFM,52950533.18560566,110723121.95513691,3
2020-12-24,TFM,52950533.18560566,110152973.81060566,3
2020-12-25,TFM,52950533.18560566,111532808.86919941,3
2020-12-28,TFM,52950533.18560566,113308251.25201191,3
2020-12-29,TFM,52950533.18560566,113139300.66607441,3
2020-12-30,TFM,52950533.18560566,112931666.87701191,3
2020-12-31,TFM,52950533.18560566,113796182.79498066,3
2021-01-04,TFM,52950533.18560566,115499237.48248066,3
2021-01-05,TFM,52950533.18560566,116626853.10748066,3
2021-01-06,TFM,52950533.18560566,116990483.57623066,3
2021-01-07,TFM,52950533.18560566,118331433.96685566,3
2021-01-08,TFM,52950533.18560566,118643566.97466816,3
2021-01-11,TFM,52950533.18560566,118336832.01373066,3
2021-01-12,TFM,52950533.18560566,118610575.27544941,3
2021-01-13,TFM,52950533.18560566,117987676.83794941,3
2021-01-14,TFM,52950533.18560566,118995403.10748066,3
2021-01-15,TFM,52950533.18560566,119957890.02154316,3
2021-01-18,TFM,52950533.18560566,118921825.95904316,3
2021-01-19,TFM,52950533.18560566,114584147.15044941,3
2021-01-20,TFM,52950533.18560566,114780337.87310566,3
2021-01-21,TFM,80629194.65049629,116617678.34190254,2
2021-01-22,TFM,80629194.65049629,116040971.11534004,2
2021-01-25,TFM,80629194.65049629,115754714.86534004,2
2021-01-26,TFM,80629194.65049629,115061923.75205879,2
2021-01-27,TFM,80629194.65049629,112797988.10752754,2
2021-01-28,TFM,96107532.44381966,110539128.2446009,1
2021-01-29,TFM,109819890.1989073,109819890.1989073,0
2021-02-01,TFM,109819890.1989073,109819890.1989073,0
2021-02-02,TFM,109819890.1989073,109819890.1989073,0
2021-02-03,TFM,109819890.1989073,109819890.1989073,0
2021-02-04,TFM,96414095.54901238,110231465.86151238,1
2021-02-05,TFM,96414095.54901238,110307698.67401238,1
2021-02-08,TFM,96414095.54901238,110002764.29901238,1
2021-02-09,TFM,96414095.54901238,110002764.29901238,1
2021-02-17,TFM,96414095.54901238,111260622.11151238,1
2021-02-18,TFM,96414095.54901238,111317797.11151238,1
2021-02-19,TFM,96414095.54901238,111012861.17401238,1
2021-02-22,TFM,96414095.54901238,111050978.36151238,1
2021-02-23,TFM,90612511.20651238,110681634.64401238,2
2021-02-24,TFM,90612511.20651238,110681634.64401238,2
2021-02-25,TFM,90612511.20651238,110815044.01901238,2
2021-02-26,TFM,84832636.61932468,111126453.90448093,3
2021-03-01,TFM,84832636.61932468,111681113.08416843,3
2021-03-02,TFM,84832636.61932468,111587304.00213718,3
2021-03-03,TFM,84832636.61932468,111517663.18182468,3
2021-03-04,TFM,84832636.61932468,110921660.74041843,3
2021-03-05,TFM,84832636.61932468,110984708.00604343,3
2021-03-08,TFM,84832636.61932468,111059457.71307468,3
2021-03-09,TFM,84832636.61932468,110662419.62713718,3
2021-03-10,TFM,84832636.61932468,110970082.61541843,3
2021-03-11,TFM,84832636.61932468,111090887.88885593,3
2021-03-12,TFM,90435783.64432469,111095917.72635594,2
2021-03-15,TFM,90435783.64432469,111235821.33963719,2
2021-03-16,TFM,90435783.64432469,112039641.94510594,2
2021-03-17,TFM,90435783.64432469,112076857.47244969,2
2021-03-18,TFM,80540711.1558076,111970479.7104951,3
2021-03-19,TFM,80540711.1558076,111729793.7729951,3
2021-03-22,TFM,80540711.1558076,111557571.40971385,3
2021-03-23,TFM,80540711.1558076,111368242.89408885,3
2021-03-24,TFM,80540711.1558076,110504225.9995576,3
2021-03-25,TFM,80540711.1558076,110513106.76127635,3
2021-03-26,TFM,80540711.1558076,110323160.1792451,3
2021-03-29,TFM,80540711.1558076,110998171.01908885,3
2021-03-30,TFM,80540711.1558076,111009517.6011201,3
2021-03-31,TFM,80540711.1558076,111031660.86283885,3
2021-04-01,TFM,80540711.1558076,111854550.4136201,3
2021-04-02,TFM,80540711.1558076,112019626.5854951,3
2021-04-05,TFM,80540711.1558076,112321482.6401826,3
2021-04-06,TFM,80540711.1558076,112738295.7261201,3
2021-04-07,TFM,80540711.1558076,112862505.8823701,3
2021-04-08,TFM,80540711.1558076,112637487.1323701,3
2021-04-09,TFM,80540711.1558076,113122265.35502635,3
2021-04-12,TFM,80540711.1558076,113354621.40971385,3
2021-04-13,TFM,80540711.1558076,112693776.1948701,3
2021-04-14,TFM,80540711.1558076,112951020.82377635,3
2021-04-15,TFM,80540711.1558076,112488702.7573701,3
2021-04-16,TFM,80540711.1558076,112297494.7495576,3
2021-04-19,TFM,80540711.1558076,112824962.9136201,3
2021-04-20,TFM,80540711.1558076,112971935.9604951,3
2021-04-22,TFM,80540711.1558076,111456310.3745576,3
2021-04-23,TFM,80540711.1558076,112780162.3276826,3
2021-04-26,TFM,80540711.1558076,111864820.3354951,3
2021-04-27,TFM,89992105.80441356,111743263.61691356,2
2021-04-28,TFM,96343996.0947202,111743216.4072202,1
2021-04-29,TFM,96343996.0947202,111762275.7822202,1
2021-05-04,TFM,96343996.0947202,112143444.5322202,1
2021-05-05,TFM,96343996.0947202,112143444.5322202,1
2021-05-06,TFM,96343996.0947202,112105327.3447202,1
2021-05-07,TFM,96343996.0947202,112162502.3447202,1
2021-05-10,TFM,96343996.0947202,112696138.2822202,1
2021-05-11,TFM,87138097.7650204,112425040.1478329,2
2021-05-12,TFM,87138097.7650204,112601523.5462704,2
2021-05-13,TFM,87138097.7650204,112265521.69080165,2
2021-05-14,TFM,78107643.50414091,112413793.89476591,3
2021-05-17,TFM,78107643.50414091,112509708.93382841,3
2021-05-18,TFM,78107643.50414091,112829810.49632841,3
2021-05-19,TFM,78107643.50414091,114164154.24632841,3
2021-05-20,TFM,78107643.50414091,115232477.68382841,3
2021-05-21,TFM,78107643.50414091,114825355.51585966,3
2021-05-24,TFM,78107643.50414091,115361525.63304716,3
2021-05-25,TFM,78107643.50414091,115690096.23851591,3
2021-05-26,TFM,78107643.50414091,116523119.48070341,3
2021-05-27,TFM,78107643.50414091,115711230.80882841,3
2021-05-28,TFM,78107643.50414091,116425647.21507841,3
2021-05-31,TFM,78107643.50414091,117463809.91039091,3
2021-06-01,TFM,78107643.50414091,117854953.26976591,3
2021-06-02,TFM,78107643.50414091,117472245.65257841,3
2021-06-03,TFM,78107643.50414091,118446641.25804716,3
2021-06-04,TFM,78107643.50414091,118524449.07054716,3
2021-06-07,TFM,78107643.50414091,117204479.92992216,3
2021-06-09,TFM,78107643.50414091,116365598.67992216,3
2021-06-10,TFM,78107643.50414091,116037803.07445341,3
2021-06-11,TFM,78107643.50414091,117455539.20726591,3
2021-06-14,TFM,78107643.50414091,117416915.96507841,3
2021-06-15,TFM,78107643.50414091,117208712.05882841,3
2021-06-16,TFM,78107643.50414091,116713949.16820341,3
2021-06-17,TFM,78107643.50414091,116936442.13695341,3
2021-06-18,TFM,78107643.50414091,117513551.80492216,3
2021-06-21,TFM,78107643.50414091,117763156.29710966,3
2021-06-22,TFM,78107643.50414091,118399716.94164091,3
2021-06-23,TFM,78107643.50414091,118415860.10570341,3
2021-06-24,TFM,78107643.50414091,118533927.09789091,3
2021-06-25,TFM,78107643.50414091,118747887.84007841,3
2021-06-28,TFM,78107643.50414091,119249257.76195341,3
2021-06-29,TFM,78107643.50414091,119885835.98460966,3
2021-06-30,TFM,78107643.50414091,119496554.92992216,3
2021-07-01,TFM,78107643.50414091,119663958.64085966,3
2021-07-02,TFM,78107643.50414091,120379000.04710966,3
2021-07-09,TFM,78107643.50414091,118654462.54710966,3
2021-07-13,TFM,78107643.50414091,116871903.85570341,3
2021-07-15,TFM,86447906.35301396,116111352.34910771,2
2021-07-19,TFM,96877023.51885527,115440898.51885527,1
2021-07-20,TFM,115407081.56203301,115407081.56203301,0
2021-07-21,TFM,115407081.56203301,115407081.56203301,0
2021-07-22,TFM,115407081.56203301,115407081.56203301,0
2021-07-23,TFM,115407081.56203301,115407081.56203301,0
2021-07-26,TFM,115407081.56203301,115407081.56203301,0
2021-07-27,TFM,105041462.0845916,115254880.8345916,1
2021-07-28,TFM,105041462.0845916,115123377.7095916,1
2021-07-29,TFM,105041462.0845916,115276798.0220916,1
2021-07-30,TFM,105041462.0845916,115342549.5845916,1
2021-08-02,TFM,105041462.0845916,115517887.0845916,1
2021-08-03,TFM,105041462.0845916,115539804.2720916,1
2021-08-05,TFM,105041462.0845916,115627473.8033416,1
2021-08-06,TFM,105041462.0845916,115627473.8033416,1
2021-08-09,TFM,105041462.0845916,115726101.1470916,1
2021-08-11,TFM,105041462.0845916,115572680.0533416,1
2021-08-12,TFM,105041462.0845916,115320632.3970916,1
2021-08-13,TFM,105041462.0845916,115452135.5220916,1
2021-08-16,TFM,95645777.76752402,114935693.39252402,2
2021-08-18,TFM,95645777.76752402,114408403.54877402,2
2021-08-19,TFM,104081942.01085313,114437822.47960313,1
2021-08-20,TFM,104081942.01085313,114251526.38585313,1
2021-08-23,TFM,104081942.01085313,114054271.69835313,1
2021-08-24,TFM,104081942.01085313,114152899.04210313,1
2021-08-25,TFM,104081942.01085313,114152899.04210313,1
2021-08-26,TFM,104081942.01085313,114098106.07335313,1
2021-08-27,TFM,114024367.17470273,114024367.17470273,0
2021-08-30,TFM,114024367.17470273,114024367.17470273,0
2021-08-31,TFM,114024367.17470273,114024367.17470273,0
2021-09-01,TFM,114024367.17470273,114024367.17470273,0
2021-09-06,TFM,114024367.17470273,114024367.17470273,0
2021-09-07,TFM,114024367.17470273,114024367.17470273,0
2021-09-09,TFM,114024367.17470273,114024367.17470273,0
2021-09-10,TFM,114024367.17470273,114024367.17470273,0
2021-09-13,TFM,114024367.17470273,114024367.17470273,0
2021-09-14,TFM,114024367.17470273,114024367.17470273,0
2021-09-15,TFM,114024367.17470273,114024367.17470273,0
2021-09-16,TFM,114024367.17470273,114024367.17470273,0
2021-09-17,TFM,114024367.17470273,114024367.17470273,0
2021-09-20,TFM,114024367.17470273,114024367.17470273,0
2021-09-21,TFM,114024367.17470273,114024367.17470273,0
2021-09-23,TFM,114024367.17470273,114024367.17470273,0
2021-09-24,TFM,114024367.17470273,114024367.17470273,0
2021-09-27,TFM,114024367.17470273,114024367.17470273,0
2021-09-28,TFM,114024367.17470273,114024367.17470273,0
2021-09-29,TFM,114024367.17470273,114024367.17470273,0
2021-09-30,TFM,114024367.17470273,114024367.17470273,0
2021-10-01,TFM,114024367.17470273,114024367.17470273,0
2021-10-04,TFM,114024367.17470273,114024367.17470273,0
2021-10-05,TFM,114024367.17470273,114024367.17470273,0
2021-10-07,TFM,114024367.17470273,114024367.17470273,0
2021-10-08,TFM,114024367.17470273,114024367.17470273,0
2021-10-12,TFM,114024367.17470273,114024367.17470273,0
2021-10-13,TFM,114024367.17470273,114024367.17470273,0
2021-10-15,TFM,114024367.17470273,114024367.17470273,0
2021-10-19,TFM,114024367.17470273,114024367.17470273,0
2021-10-20,TFM,114024367.17470273,114024367.17470273,0
2021-10-21,TFM,114024367.17470273,114024367.17470273,0
2021-10-22,TFM,114024367.17470273,114024367.17470273,0
2021-10-26,TFM,114024367.17470273,114024367.17470273,0
2021-10-27,TFM,114024367.17470273,114024367.17470273,0
2021-10-28,TFM,114024367.17470273,114024367.17470273,0
2021-10-29,TFM,114024367.17470273,114024367.17470273,0
2021-11-03,TFM,114024367.17470273,114024367.17470273,0
2021-11-04,TFM,114024367.17470273,114024367.17470273,0
2021-11-05,TFM,114024367.17470273,114024367.17470273,0
2021-11-08,TFM,114024367.17470273,114024367.17470273,0
2021-11-09,TFM,114024367.17470273,114024367.17470273,0
2021-11-10,TFM,114024367.17470273,114024367.17470273,0
2021-11-11,TFM,114024367.17470273,114024367.17470273,0
2021-11-12,TFM,114024367.17470273,114024367.17470273,0
2021-11-15,TFM,114024367.17470273,114024367.17470273,0
2021-11-16,TFM,93282951.64970273,113967951.64970273,1
2021-11-17,TFM,93282951.64970273,113967951.64970273,1
2021-11-18,TFM,93282951.64970273,114132951.64970273,1
2021-11-19,TFM,93282951.64970273,114132951.64970273,1
2021-11-22,TFM,93282951.64970273,114072951.64970273,1
2021-11-23,TFM,93282951.64970273,114732951.64970273,1
2021-11-24,TFM,93282951.64970273,114882951.64970273,1
2021-11-25,TFM,93282951.64970273,115032951.64970273,1
2021-11-26,TFM,65804177.01927304,114124325.45677304,2
2021-11-29,TFM,65804177.01927304,113305153.58177304,2
2021-11-30,TFM,65804177.01927304,113241188.73802304,2
2021-12-01,TFM,65804177.01927304,113542550.06614804,2
2021-12-02,TFM,65804177.01927304,112983585.22239804,2
2021-12-03,TFM,65804177.01927304,111992843.03489804,2
2021-12-06,TFM,111854334.77268368,111854334.77268368,0
2021-12-07,TFM,111854334.77268368,111854334.77268368,0
2021-12-08,TFM,111854334.77268368,111854334.77268368,0
2021-12-09,TFM,111854334.77268368,111854334.77268368,0
2021-12-10,TFM,111854334.77268368,111854334.77268368,0
2021-12-13,TFM,111854334.77268368,111854334.77268368,0
2021-12-14,TFM,111854334.77268368,111854334.77268368,0
2021-12-15,TFM,111854334.77268368,111854334.77268368,0
2021-12-16,TFM,111854334.77268368,111854334.77268368,0
2021-12-17,TFM,111854334.77268368,111854334.77268368,0
2021-12-20,TFM,111854334.77268368,111854334.77268368,0
2021-12-21,TFM,111854334.77268368,111854334.77268368,0
2021-12-22,TFM,103156968.26268367,111726968.26268367,1
2021-12-23,TFM,103156968.26268367,111406968.26268367,1
2021-12-24,TFM,111402168.60018368,111402168.60018368,0
2021-12-27,TFM,111402168.60018368,111402168.60018368,0
2021-12-28,TFM,111402168.60018368,111402168.60018368,0
2021-12-29,TFM,111402168.60018368,111402168.60018368,0
2021-12-30,TFM,111402168.60018368,111402168.60018368,0
2021-12-31,TFM,111402168.60018368,111402168.60018368,0
2022-01-04,TFM,101057946.5356333,111326601.2231333,1
2022-01-05,TFM,101057946.5356333,111230504.3481333,1
2022-01-06,TFM,101057946.5356333,111491338.7231333,1
2022-01-07,TFM,101057946.5356333,111820814.5043833,1
2022-01-10,TFM,101057946.5356333,111724717.6293833,1
2022-01-11,TFM,101057946.5356333,111875727.0043833,1
2022-01-12,TFM,101057946.5356333,112630775.4418833,1
2022-01-13,TFM,101057946.5356333,113138716.8481333,1
2022-01-14,TFM,83066352.68782683,113354482.66829558,3
2022-01-17,TFM,83066352.68782683,113370793.60579558,3
2022-01-18,TFM,83066352.68782683,113981976.51595183,3
2022-01-19,TFM,83066352.68782683,113458957.96126433,3
2022-01-20,TFM,83066352.68782683,114545929.44563933,3
2022-01-21,TFM,83066352.68782683,115499953.07845183,3
2022-01-24,TFM,83066352.68782683,115810238.03938933,3
2022-01-25,TFM,83066352.68782683,116810700.83235808,3
2022-01-26,TFM,83066352.68782683,116715030.32454558,3
2022-01-27,TFM,83066352.68782683,116169313.33235808,3
2022-01-28,TFM,83066352.68782683,116357574.95345183,3
2022-02-07,TFM,83066352.68782683,116531815.77376433,3
2022-02-08,TFM,83066352.68782683,116484218.11751433,3
2022-02-09,TFM,83066352.68782683,116484105.32454558,3
2022-02-10,TFM,83066352.68782683,116694557.47298308,3
2022-02-11,TFM,83066352.68782683,116521917.23860808,3
2022-02-14,TFM,83066352.68782683,114589849.56282683,3
2022-02-16,TFM,83066352.68782683,115027182.57063933,3
2022-02-17,TFM,83066352.68782683,115508371.53548308,3
2022-02-18,TFM,83066352.68782683,114920563.82063933,3
2022-02-21,TFM,83066352.68782683,115088508.35188933,3
2022-02-22,TFM,83066352.68782683,115897406.00813933,3
2022-02-23,TFM,83512125.09878093,115754970.11831218,3
2022-02-24,TFM,83512125.09878093,115299651.07534343,3
2022-02-25,TFM,83512125.09878093,115363281.73940593,3
2022-02-28,TFM,95638789.94801725,115290243.26832975,2
2022-03-01,TFM,95638789.94801725,115140808.11207975,2
2022-03-02,TFM,95638789.94801725,114505424.51832975,2
2022-03-03,TFM,95638789.94801725,114829578.131611,2
2022-03-04,TFM,95638789.94801725,114719860.553486,2
2022-03-07,TFM,95638789.94801725,114378348.15114225,2
2022-03-08,TFM,107483287.47590545,114193287.47590545,1
2022-03-09,TFM,98586810.083524,114285009.692899,1
2022-03-10,TFM,98586810.083524,114137068.677274,1
2022-03-11,TFM,98586810.083524,113906938.208524,1
2022-03-14,TFM,98586810.083524,113676807.739774,1
2022-03-15,TFM,98586810.083524,113545304.614774,1
2022-03-16,TFM,113516836.42679891,113516836.42679891,0
2022-03-17,TFM,113516836.42679891,113516836.42679891,0
2022-03-18,TFM,113516836.42679891,113516836.42679891,0
2022-03-21,TFM,113516836.42679891,113516836.42679891,0
2022-03-22,TFM,113516836.42679891,113516836.42679891,0
2022-03-23,TFM,113516836.42679891,113516836.42679891,0
2022-03-24,TFM,113516836.42679891,113516836.42679891,0
2022-03-25,TFM,113516836.42679891,113516836.42679891,0
2022-03-28,TFM,113516836.42679891,113516836.42679891,0
2022-03-29,TFM,102690034.36197372,114185610.14322372,1
2022-03-30,TFM,102690034.36197372,114306154.67447372,1
2022-03-31,TFM,102690034.36197372,114415740.61197372,1
2022-04-01,TFM,102690034.36197372,114854084.36197372,1
2022-04-04,TFM,102690034.36197372,114667788.26822372,1
2022-04-05,TFM,102690034.36197372,114634912.48697372,1
2022-04-06,TFM,102690034.36197372,115073257.01822372,1
2022-04-07,TFM,102690034.36197372,115106132.79947372,1
2022-04-08,TFM,102690034.36197372,114580119.51822372,1
2022-04-12,TFM,102690034.36197372,114722581.23697372,1
2022-04-13,TFM,102690034.36197372,115303387.48697372,1
2022-04-14,TFM,102690034.36197372,115467766.39322372,1
2022-04-15,TFM,102690034.36197372,115292428.89322372,1
2022-04-18,TFM,102690034.36197372,115347221.86197372,1
2022-04-19,TFM,102690034.36197372,114963671.08072372,1
2022-04-20,TFM,102690034.36197372,114963671.08072372,1
2022-04-21,TFM,102690034.36197372,114963671.08072372,1
2022-04-22,TFM,102690034.36197372,114865042.95572372,1
2022-04-25,TFM,102690034.36197372,114021230.45572372,1
2022-04-26,TFM,102690034.36197372,114119858.58072372,1
2022-04-27,TFM,113888919.44643466,113888919.44643466,0
2022-04-28,TFM,113888919.44643466,113888919.44643466,0
2022-04-29,TFM,113888919.44643466,113888919.44643466,0
2022-05-04,TFM,113888919.44643466,113888919.44643466,0
2022-05-05,TFM,113888919.44643466,113888919.44643466,0
2022-05-06,TFM,113888919.44643466,113888919.44643466,0
2022-05-09,TFM,113888919.44643466,113888919.44643466,0
2022-05-10,TFM,113888919.44643466,113888919.44643466,0
2022-05-11,TFM,113888919.44643466,113888919.44643466,0
2022-05-12,TFM,113888919.44643466,113888919.44643466,0
2022-05-13,TFM,113888919.44643466,113888919.44643466,0
2022-05-16,TFM,113888919.44643466,113888919.44643466,0
2022-05-17,TFM,113888919.44643466,113888919.44643466,0
2022-05-18,TFM,113888919.44643466,113888919.44643466,0
2022-05-19,TFM,113888919.44643466,113888919.44643466,0
2022-05-20,TFM,113888919.44643466,113888919.44643466,0
2022-05-23,TFM,113888919.44643466,113888919.44643466,0
2022-05-24,TFM,113888919.44643466,113888919.44643466,0
2022-05-25,TFM,113888919.44643466,113888919.44643466,0
2022-05-26,TFM,113888919.44643466,113888919.44643466,0
2022-05-27,TFM,113888919.44643466,113888919.44643466,0
2022-05-30,TFM,113888919.44643466,113888919.44643466,0
2022-05-31,TFM,113888919.44643466,113888919.44643466,0
2022-06-01,TFM,113888919.44643466,113888919.44643466,0
2022-06-03,TFM,113888919.44643466,113888919.44643466,0
2022-06-06,TFM,113888919.44643466,113888919.44643466,0
2022-06-07,TFM,113888919.44643466,113888919.44643466,0
2022-06-08,TFM,113888919.44643466,113888919.44643466,0
2022-06-09,TFM,113888919.44643466,113888919.44643466,0
2022-06-10,TFM,113888919.44643466,113888919.44643466,0
2022-06-13,TFM,113888919.44643466,113888919.44643466,0
2022-06-14,TFM,113888919.44643466,113888919.44643466,0
2022-06-15,TFM,113888919.44643466,113888919.44643466,0
2022-06-16,TFM,113888919.44643466,113888919.44643466,0
2022-06-17,TFM,113888919.44643466,113888919.44643466,0
2022-06-20,TFM,113888919.44643466,113888919.44643466,0
2022-06-21,TFM,113888919.44643466,113888919.44643466,0
2022-06-22,TFM,113888919.44643466,113888919.44643466,0
2022-06-23,TFM,113888919.44643466,113888919.44643466,0
2022-06-24,TFM,113888919.44643466,113888919.44643466,0
2022-06-27,TFM,113888919.44643466,113888919.44643466,0
2022-06-28,TFM,113888919.44643466,113888919.44643466,0
2022-06-29,TFM,113888919.44643466,113888919.44643466,0
2022-06-30,TFM,113888919.44643466,113888919.44643466,0
2022-07-01,TFM,113888919.44643466,113888919.44643466,0
2022-07-04,TFM,113888919.44643466,113888919.44643466,0
2022-07-05,TFM,113888919.44643466,113888919.44643466,0
2022-07-06,TFM,113888919.44643466,113888919.44643466,0
2022-07-07,TFM,113888919.44643466,113888919.44643466,0
2022-07-08,TFM,113888919.44643466,113888919.44643466,0
2022-07-11,TFM,113888919.44643466,113888919.44643466,0
2022-07-13,TFM,113888919.44643466,113888919.44643466,0
2022-07-14,TFM,113888919.44643466,113888919.44643466,0
2022-07-15,TFM,113888919.44643466,113888919.44643466,0
2022-07-18,TFM,113888919.44643466,113888919.44643466,0
2022-07-19,TFM,113888919.44643466,113888919.44643466,0
2022-07-20,TFM,113888919.44643466,113888919.44643466,0
2022-07-21,TFM,113888919.44643466,113888919.44643466,0
2022-07-22,TFM,113888919.44643466,113888919.44643466,0
2022-07-25,TFM,113888919.44643466,113888919.44643466,0
2022-07-26,TFM,113888919.44643466,113888919.44643466,0
2022-07-27,TFM,113888919.44643466,113888919.44643466,0
2022-07-28,TFM,113888919.44643466,113888919.44643466,0
2022-07-29,TFM,113888919.44643466,113888919.44643466,0
2022-08-01,TFM,113888919.44643466,113888919.44643466,0
2022-08-02,TFM,113888919.44643466,113888919.44643466,0
2022-08-03,TFM,113888919.44643466,113888919.44643466,0
2022-08-04,TFM,113888919.44643466,113888919.44643466,0
2022-08-05,TFM,113888919.44643466,113888919.44643466,0
2022-08-08,TFM,113888919.44643466,113888919.44643466,0
2022-08-09,TFM,113888919.44643466,113888919.44643466,0
2022-08-10,TFM,113888919.44643466,113888919.44643466,0
2022-08-11,TFM,113888919.44643466,113888919.44643466,0
2022-08-12,TFM,113888919.44643466,113888919.44643466,0
2022-08-15,TFM,113888919.44643466,113888919.44643466,0
2022-08-16,TFM,113888919.44643466,113888919.44643466,0
2022-08-17,TFM,113888919.44643466,113888919.44643466,0
2022-08-18,TFM,113888919.44643466,113888919.44643466,0
2022-08-19,TFM,113888919.44643466,113888919.44643466,0
2022-08-22,TFM,113888919.44643466,113888919.44643466,0
2022-08-23,TFM,113888919.44643466,113888919.44643466,0
2022-08-24,TFM,113888919.44643466,113888919.44643466,0
2022-08-25,TFM,113888919.44643466,113888919.44643466,0
2022-08-26,TFM,113888919.44643466,113888919.44643466,0
2022-08-29,TFM,113888919.44643466,113888919.44643466,0
2022-08-30,TFM,113888919.44643466,113888919.44643466,0
2022-08-31,TFM,113888919.44643466,113888919.44643466,0
2022-09-05,TFM,113888919.44643466,113888919.44643466,0
2022-09-06,TFM,113888919.44643466,113888919.44643466,0
2022-09-07,TFM,113888919.44643466,113888919.44643466,0
2022-09-08,TFM,113888919.44643466,113888919.44643466,0
2022-09-09,TFM,113888919.44643466,113888919.44643466,0
2022-09-12,TFM,113888919.44643466,113888919.44643466,0
2022-09-13,TFM,113888919.44643466,113888919.44643466,0
2022-09-14,TFM,113888919.44643466,113888919.44643466,0
2022-09-15,TFM,113888919.44643466,113888919.44643466,0
2022-09-16,TFM,113888919.44643466,113888919.44643466,0
2022-09-19,TFM,113888919.44643466,113888919.44643466,0
2022-09-20,TFM,113888919.44643466,113888919.44643466,0
2022-09-21,TFM,113888919.44643466,113888919.44643466,0
2022-09-22,TFM,113888919.44643466,113888919.44643466,0
2022-09-23,TFM,113888919.44643466,113888919.44643466,0
2022-09-26,TFM,113888919.44643466,113888919.44643466,0
2022-09-27,TFM,113888919.44643466,113888919.44643466,0
2022-09-28,TFM,113888919.44643466,113888919.44643466,0
2022-09-29,TFM,113888919.44643466,113888919.44643466,0
2022-09-30,TFM,113888919.44643466,113888919.44643466,0
2022-10-03,TFM,113888919.44643466,113888919.44643466,0
2022-10-04,TFM,113888919.44643466,113888919.44643466,0
2022-10-05,TFM,113888919.44643466,113888919.44643466,0
2022-10-06,TFM,113888919.44643466,113888919.44643466,0
2022-10-07,TFM,113888919.44643466,113888919.44643466,0
2022-10-10,TFM,113888919.44643466,113888919.44643466,0
2022-10-11,TFM,113888919.44643466,113888919.44643466,0
2022-10-12,TFM,113888919.44643466,113888919.44643466,0
2022-10-13,TFM,113888919.44643466,113888919.44643466,0
2022-10-14,TFM,113888919.44643466,113888919.44643466,0
2022-10-17,TFM,113888919.44643466,113888919.44643466,0
2022-10-18,TFM,113888919.44643466,113888919.44643466,0
2022-10-19,TFM,113888919.44643466,113888919.44643466,0
2022-10-20,TFM,113888919.44643466,113888919.44643466,0
2022-10-21,TFM,113888919.44643466,113888919.44643466,0
2022-10-24,TFM,113888919.44643466,113888919.44643466,0
2022-10-25,TFM,113888919.44643466,113888919.44643466,0
2022-10-26,TFM,113888919.44643466,113888919.44643466,0
2022-10-27,TFM,113888919.44643466,113888919.44643466,0
2022-10-28,TFM,113888919.44643466,113888919.44643466,0
2022-10-31,TFM,113888919.44643466,113888919.44643466,0
2022-11-01,TFM,113888919.44643466,113888919.44643466,0
2022-11-02,TFM,113888919.44643466,113888919.44643466,0
2022-11-03,TFM,113888919.44643466,113888919.44643466,0
2022-11-04,TFM,113888919.44643466,113888919.44643466,0
2022-11-07,TFM,113888919.44643466,113888919.44643466,0
2022-11-08,TFM,113888919.44643466,113888919.44643466,0
2022-11-09,TFM,113888919.44643466,113888919.44643466,0
2022-11-10,TFM,113888919.44643466,113888919.44643466,0
2022-11-11,TFM,113888919.44643466,113888919.44643466,0
2022-11-14,TFM,113888919.44643466,113888919.44643466,0
2022-11-15,TFM,113888919.44643466,113888919.44643466,0
2022-11-16,TFM,113888919.44643466,113888919.44643466,0
2022-11-17,TFM,113888919.44643466,113888919.44643466,0
2022-11-18,TFM,113888919.44643466,113888919.44643466,0
2022-11-21,TFM,113888919.44643466,113888919.44643466,0
2022-11-22,TFM,113888919.44643466,113888919.44643466,0
2022-11-23,TFM,113888919.44643466,113888919.44643466,0
2022-11-24,TFM,113888919.44643466,113888919.44643466,0
2022-11-25,TFM,113888919.44643466,113888919.44643466,0
2022-11-28,TFM,113888919.44643466,113888919.44643466,0
2022-11-29,TFM,113888919.44643466,113888919.44643466,0
2022-11-30,TFM,113888919.44643466,113888919.44643466,0
2022-12-01,TFM,113888919.44643466,113888919.44643466,0
2022-12-02,TFM,113888919.44643466,113888919.44643466,0
2022-12-05,TFM,113888919.44643466,113888919.44643466,0
2022-12-06,TFM,113888919.44643466,113888919.44643466,0
2022-12-07,TFM,113888919.44643466,113888919.44643466,0
2022-12-08,TFM,113888919.44643466,113888919.44643466,0
2022-12-09,TFM,113888919.44643466,113888919.44643466,0
2022-12-12,TFM,113888919.44643466,113888919.44643466,0
2022-12-13,TFM,113888919.44643466,113888919.44643466,0
2022-12-14,TFM,113888919.44643466,113888919.44643466,0
2022-12-15,TFM,113888919.44643466,113888919.44643466,0
2022-12-16,TFM,113888919.44643466,113888919.44643466,0
2022-12-19,TFM,113888919.44643466,113888919.44643466,0
2022-12-20,TFM,113888919.44643466,113888919.44643466,0
2022-12-21,TFM,113888919.44643466,113888919.44643466,0
2022-12-22,TFM,113888919.44643466,113888919.44643466,0
2022-12-23,TFM,113888919.44643466,113888919.44643466,0
2022-12-26,TFM,113888919.44643466,113888919.44643466,0
2022-12-27,TFM,113888919.44643466,113888919.44643466,0
2022-12-28,TFM,113888919.44643466,113888919.44643466,0
2022-12-29,TFM,113888919.44643466,113888919.44643466,0
2022-12-30,TFM,113888919.44643466,113888919.44643466,0
2023-01-03,TFM,113888919.44643466,113888919.44643466,0
2023-01-04,TFM,113888919.44643466,113888919.44643466,0
2023-01-05,TFM,113888919.44643466,113888919.44643466,0
2023-01-06,TFM,113888919.44643466,113888919.44643466,0
2023-01-09,TFM,113888919.44643466,113888919.44643466,0
2023-01-10,TFM,113888919.44643466,113888919.44643466,0
2023-01-11,TFM,113888919.44643466,113888919.44643466,0
2023-01-12,TFM,113888919.44643466,113888919.44643466,0
2023-01-13,TFM,113888919.44643466,113888919.44643466,0
2023-01-16,TFM,113888919.44643466,113888919.44643466,0
2023-01-17,TFM,113888919.44643466,113888919.44643466,0
2023-01-18,TFM,113888919.44643466,113888919.44643466,0
2023-01-19,TFM,113888919.44643466,113888919.44643466,0
2023-01-27,TFM,113888919.44643466,113888919.44643466,0
2023-01-30,TFM,113888919.44643466,113888919.44643466,0
2023-01-31,TFM,113888919.44643466,113888919.44643466,0
2023-02-01,TFM,113888919.44643466,113888919.44643466,0
2023-02-02,TFM,113888919.44643466,113888919.44643466,0
2023-02-03,TFM,113888919.44643466,113888919.44643466,0
2023-02-06,TFM,113888919.44643466,113888919.44643466,0
2023-02-07,TFM,113888919.44643466,113888919.44643466,0
2023-02-08,TFM,113888919.44643466,113888919.44643466,0
2023-02-09,TFM,113888919.44643466,113888919.44643466,0
2023-02-10,TFM,113888919.44643466,113888919.44643466,0
2023-02-13,TFM,113888919.44643466,113888919.44643466,0
2023-02-14,TFM,113888919.44643466,113888919.44643466,0
2023-02-15,TFM,113888919.44643466,113888919.44643466,0
2023-02-16,TFM,113888919.44643466,113888919.44643466,0
2023-02-17,TFM,113888919.44643466,113888919.44643466,0
2023-02-20,TFM,113888919.44643466,113888919.44643466,0
2023-02-21,TFM,113888919.44643466,113888919.44643466,0
2023-02-22,TFM,113888919.44643466,113888919.44643466,0
2023-02-23,TFM,113888919.44643466,113888919.44643466,0
2023-02-24,TFM,113888919.44643466,113888919.44643466,0
2023-02-27,TFM,113888919.44643466,113888919.44643466,0
2023-02-28,TFM,113888919.44643466,113888919.44643466,0
2023-03-01,TFM,113888919.44643466,113888919.44643466,0
2023-03-02,TFM,113888919.44643466,113888919.44643466,0
2023-03-03,TFM,113888919.44643466,113888919.44643466,0
2023-03-06,TFM,113888919.44643466,113888919.44643466,0
2023-03-07,TFM,113888919.44643466,113888919.44643466,0
2023-03-08,TFM,113888919.44643466,113888919.44643466,0
2023-03-09,TFM,113888919.44643466,113888919.44643466,0
2023-03-10,TFM,113888919.44643466,113888919.44643466,0
2023-03-13,TFM,113888919.44643466,113888919.44643466,0
2023-03-14,TFM,113888919.44643466,113888919.44643466,0
2023-03-15,TFM,113888919.44643466,113888919.44643466,0
2023-03-16,TFM,113888919.44643466,113888919.44643466,0
2023-03-17,TFM,113888919.44643466,113888919.44643466,0
2023-03-20,TFM,113888919.44643466,113888919.44643466,0
2023-03-21,TFM,113888919.44643466,113888919.44643466,0
2023-03-22,TFM,113888919.44643466,113888919.44643466,0
2023-03-23,TFM,113888919.44643466,113888919.44643466,0
2023-03-24,TFM,113888919.44643466,113888919.44643466,0
2023-03-27,TFM,113888919.44643466,113888919.44643466,0
2023-03-28,TFM,113888919.44643466,113888919.44643466,0
2023-03-29,TFM,113888919.44643466,113888919.44643466,0
2023-03-30,TFM,113888919.44643466,113888919.44643466,0
2023-03-31,TFM,113888919.44643466,113888919.44643466,0
2023-04-03,TFM,113888919.44643466,113888919.44643466,0
2023-04-04,TFM,113888919.44643466,113888919.44643466,0
2023-04-05,TFM,113888919.44643466,113888919.44643466,0
2023-04-06,TFM,113888919.44643466,113888919.44643466,0
2023-04-07,TFM,113888919.44643466,113888919.44643466,0
2023-04-10,TFM,113888919.44643466,113888919.44643466,0
2023-04-11,TFM,113888919.44643466,113888919.44643466,0
2023-04-12,TFM,113888919.44643466,113888919.44643466,0
2023-04-13,TFM,113888919.44643466,113888919.44643466,0
2023-04-14,TFM,113888919.44643466,113888919.44643466,0
2023-04-17,TFM,113888919.44643466,113888919.44643466,0
2023-04-18,TFM,113888919.44643466,113888919.44643466,0
2023-04-19,TFM,113888919.44643466,113888919.44643466,0
2023-04-20,TFM,113888919.44643466,113888919.44643466,0
2023-04-21,TFM,113888919.44643466,113888919.44643466,0
2023-04-24,TFM,113888919.44643466,113888919.44643466,0
2023-04-25,TFM,113888919.44643466,113888919.44643466,0
2023-04-26,TFM,113888919.44643466,113888919.44643466,0
2023-04-27,TFM,113888919.44643466,113888919.44643466,0
2023-04-28,TFM,113888919.44643466,113888919.44643466,0
2023-05-04,TFM,113888919.44643466,113888919.44643466,0
2023-05-05,TFM,113888919.44643466,113888919.44643466,0
2023-05-08,TFM,113888919.44643466,113888919.44643466,0
2023-05-09,TFM,113888919.44643466,113888919.44643466,0
2023-05-10,TFM,113888919.44643466,113888919.44643466,0
2023-05-11,TFM,113888919.44643466,113888919.44643466,0
2023-05-12,TFM,113888919.44643466,113888919.44643466,0
2023-05-15,TFM,113888919.44643466,113888919.44643466,0
2023-05-16,TFM,113888919.44643466,113888919.44643466,0
2023-05-17,TFM,113888919.44643466,113888919.44643466,0
2023-05-18,TFM,113888919.44643466,113888919.44643466,0
2023-05-19,TFM,113888919.44643466,113888919.44643466,0
2023-05-22,TFM,113888919.44643466,113888919.44643466,0
2023-05-23,TFM,113888919.44643466,113888919.44643466,0
2023-05-25,TFM,113888919.44643466,113888919.44643466,0
2023-05-26,TFM,113888919.44643466,113888919.44643466,0
2023-05-29,TFM,113888919.44643466,113888919.44643466,0
2023-05-30,TFM,113888919.44643466,113888919.44643466,0
2023-05-31,TFM,113888919.44643466,113888919.44643466,0
2023-06-01,TFM,113888919.44643466,113888919.44643466,0
2023-06-02,TFM,113888919.44643466,113888919.44643466,0
2023-06-05,TFM,113888919.44643466,113888919.44643466,0
2023-06-06,TFM,113888919.44643466,113888919.44643466,0
2023-06-07,TFM,113888919.44643466,113888919.44643466,0
2023-06-08,TFM,113888919.44643466,113888919.44643466,0
2023-06-09,TFM,113888919.44643466,113888919.44643466,0
2023-06-12,TFM,113888919.44643466,113888919.44643466,0
2023-06-13,TFM,113888919.44643466,113888919.44643466,0
2023-06-14,TFM,113888919.44643466,113888919.44643466,0
2023-06-15,TFM,113888919.44643466,113888919.44643466,0
2023-06-16,TFM,113888919.44643466,113888919.44643466,0
2023-06-19,TFM,113888919.44643466,113888919.44643466,0
2023-06-20,TFM,113888919.44643466,113888919.44643466,0
2023-06-21,TFM,113888919.44643466,113888919.44643466,0
2023-06-23,TFM,113888919.44643466,113888919.44643466,0
2023-06-26,TFM,113888919.44643466,113888919.44643466,0
2023-06-27,TFM,113888919.44643466,113888919.44643466,0
2023-06-28,TFM,113888919.44643466,113888919.44643466,0
2023-06-29,TFM,113888919.44643466,113888919.44643466,0
2023-06-30,TFM,113888919.44643466,113888919.44643466,0
2023-07-03,TFM,113888919.44643466,113888919.44643466,0
2023-07-04,TFM,113888919.44643466,113888919.44643466,0
2023-07-05,TFM,113888919.44643466,113888919.44643466,0
2023-07-06,TFM,113888919.44643466,113888919.44643466,0
2023-07-07,TFM,113888919.44643466,113888919.44643466,0
2023-07-10,TFM,113888919.44643466,113888919.44643466,0
2023-07-11,TFM,113888919.44643466,113888919.44643466,0
2023-07-12,TFM,98860683.61651357,113710414.86651357,1
2023-07-13,TFM,98860683.61651357,113710414.86651357,1
2023-07-14,TFM,98860683.61651357,113660914.86651357,1
2023-07-17,TFM,98860683.61651357,113561917.99151357,1
2023-07-18,TFM,87137274.84151356,113672757.65401356,2
2023-07-19,TFM,87137274.84151356,113637506.09151356,2
2023-07-20,TFM,87137274.84151356,113353759.21651356,2
2023-07-21,TFM,87137274.84151356,113638509.21651356,2
2023-07-24,TFM,87137274.84151356,113732757.65401356,2
2023-07-25,TFM,87137274.84151356,113657506.09151356,2
2023-07-26,TFM,77928887.94901356,113819620.76151356,3
2023-07-27,TFM,77928887.94901356,113226875.44901356,3
2023-07-28,TFM,77928887.94901356,113611123.88651356,3
2023-07-31,TFM,92684737.00555262,114444737.00555262,2
2023-08-01,TFM,80780968.09555262,114100968.09555262,3
2023-08-02,TFM,80780968.09555262,113870968.09555262,3
2023-08-03,TFM,80780968.09555262,113220968.09555262,3
2023-08-04,TFM,92186662.39555262,113796662.39555262,2
2023-08-07,TFM,92186662.39555262,113846662.39555262,2
2023-08-08,TFM,92186662.39555262,113816662.39555262,2
2023-08-09,TFM,92186662.39555262,113326662.39555262,2
2023-08-10,TFM,92186662.39555262,113156662.39555262,2
2023-08-11,TFM,92186662.39555262,113406662.39555262,2
2023-08-14,TFM,92186662.39555262,113326662.39555262,2
2023-08-15,TFM,92186662.39555262,113416662.39555262,2
2023-08-16,TFM,101040033.49555261,113620033.49555261,1
2023-08-17,TFM,101040033.49555261,113240033.49555261,1
2023-08-18,TFM,101040033.49555261,112400033.49555261,1
2023-08-21,TFM,101040033.49555261,112240033.49555261,1
2023-08-22,TFM,112365967.69555262,112365967.69555262,0
2023-08-23,TFM,104902330.26525183,112206895.89025183,1
2023-08-24,TFM,104902330.26525183,112591346.67150183,1
2023-08-25,TFM,104902330.26525183,112639402.92150183,1
2023-08-28,TFM,104902330.26525183,112699473.23400183,1
2023-08-29,TFM,81605812.82775183,112598927.67150183,2
2023-08-30,TFM,81605812.82775183,112995251.89025183,2
2023-08-31,TFM,81605812.82775183,112971223.76525183,2
2023-09-05,TFM,81605812.82775183,113649209.70275183,2
2023-09-06,TFM,81605812.82775183,113775392.51525183,2
2023-09-07,TFM,61593401.7741947,113260287.3210697,3
2023-09-08,TFM,61593401.7741947,113503186.5398197,3
2023-09-11,TFM,61593401.7741947,112776586.9304447,3
2023-09-12,TFM,61593401.7741947,114085763.8835697,3
2023-09-13,TFM,61593401.7741947,113484717.0085697,3
2023-09-14,TFM,61593401.7741947,113125452.1648197,3
2023-09-15,TFM,61593401.7741947,112981667.7898197,3
2023-09-18,TFM,61593401.7741947,112849724.0398197,3
2023-09-19,TFM,80819320.73434608,113187520.73434608,2
2023-09-20,TFM,80819320.73434608,113067591.04684608,2
2023-09-21,TFM,80819320.73434608,112569112.14059608,2
2023-09-22,TFM,80819320.73434608,111902505.89059608,2
2023-09-25,TFM,80819320.73434608,111391872.29684608,2
2023-09-26,TFM,88245718.21713905,111075718.21713905,1
2023-09-27,TFM,111067076.82963905,111067076.82963905,0
2023-09-28,TFM,111067076.82963905,111067076.82963905,0
2023-09-29,TFM,111067076.82963905,111067076.82963905,0
2023-10-02,TFM,111067076.82963905,111067076.82963905,0
2023-10-03,TFM,111067076.82963905,111067076.82963905,0
2023-10-04,TFM,111067076.82963905,111067076.82963905,0
2023-10-05,TFM,111067076.82963905,111067076.82963905,0
2023-10-06,TFM,111067076.82963905,111067076.82963905,0
2023-10-09,TFM,111067076.82963905,111067076.82963905,0
2023-10-10,TFM,111067076.82963905,111067076.82963905,0
2023-10-11,TFM,111067076.82963905,111067076.82963905,0
2023-10-12,TFM,111067076.82963905,111067076.82963905,0
2023-10-13,TFM,111067076.82963905,111067076.82963905,0
2023-10-16,TFM,111067076.82963905,111067076.82963905,0
2023-10-17,TFM,111067076.82963905,111067076.82963905,0
2023-10-18,TFM,111067076.82963905,111067076.82963905,0
2023-10-19,TFM,111067076.82963905,111067076.82963905,0
2023-10-20,TFM,111067076.82963905,111067076.82963905,0
2023-10-23,TFM,111067076.82963905,111067076.82963905,0
2023-10-24,TFM,111067076.82963905,111067076.82963905,0
2023-10-25,TFM,111067076.82963905,111067076.82963905,0
2023-10-26,TFM,111067076.82963905,111067076.82963905,0
2023-10-27,TFM,111067076.82963905,111067076.82963905,0
2023-10-30,TFM,111067076.82963905,111067076.82963905,0
2023-10-31,TFM,111067076.82963905,111067076.82963905,0
2023-11-01,TFM,111067076.82963905,111067076.82963905,0
2023-11-02,TFM,111067076.82963905,111067076.82963905,0
2023-11-03,TFM,111067076.82963905,111067076.82963905,0
2023-11-06,TFM,111067076.82963905,111067076.82963905,0
2023-11-07,TFM,111067076.82963905,111067076.82963905,0
2023-11-08,TFM,111067076.82963905,111067076.82963905,0
2023-11-09,TFM,111067076.82963905,111067076.82963905,0
2023-11-10,TFM,111067076.82963905,111067076.82963905,0
2023-11-13,TFM,111067076.82963905,111067076.82963905,0
2023-11-14,TFM,111067076.82963905,111067076.82963905,0
2023-11-15,TFM,111067076.82963905,111067076.82963905,0
2023-11-16,TFM,111067076.82963905,111067076.82963905,0
2023-11-17,TFM,111067076.82963905,111067076.82963905,0
2023-11-20,TFM,111067076.82963905,111067076.82963905,0
2023-11-21,TFM,111067076.82963905,111067076.82963905,0
2023-11-22,TFM,111067076.82963905,111067076.82963905,0
2023-11-23,TFM,111067076.82963905,111067076.82963905,0
2023-11-24,TFM,111067076.82963905,111067076.82963905,0
2023-11-27,TFM,111067076.82963905,111067076.82963905,0
2023-11-28,TFM,111067076.82963905,111067076.82963905,0
2023-11-29,TFM,111067076.82963905,111067076.82963905,0
2023-11-30,TFM,111067076.82963905,111067076.82963905,0
2023-12-01,TFM,111067076.82963905,111067076.82963905,0
2023-12-04,TFM,111067076.82963905,111067076.82963905,0
2023-12-05,TFM,111067076.82963905,111067076.82963905,0
2023-12-06,TFM,111067076.82963905,111067076.82963905,0
2023-12-07,TFM,111067076.82963905,111067076.82963905,0
2023-12-08,TFM,111067076.82963905,111067076.82963905,0
2023-12-11,TFM,111067076.82963905,111067076.82963905,0
2023-12-12,TFM,111067076.82963905,111067076.82963905,0
2023-12-13,TFM,111067076.82963905,111067076.82963905,0
2023-12-14,TFM,111067076.82963905,111067076.82963905,0
2023-12-15,TFM,111067076.82963905,111067076.82963905,0
2023-12-18,TFM,111067076.82963905,111067076.82963905,0
2023-12-19,TFM,111067076.82963905,111067076.82963905,0
2023-12-20,TFM,111067076.82963905,111067076.82963905,0
2023-12-21,TFM,111067076.82963905,111067076.82963905,0
2023-12-22,TFM,111067076.82963905,111067076.82963905,0
2023-12-25,TFM,111067076.82963905,111067076.82963905,0
2023-12-26,TFM,111067076.82963905,111067076.82963905,0
2023-12-27,TFM,111067076.82963905,111067076.82963905,0
2023-12-28,TFM,111067076.82963905,111067076.82963905,0
2023-12-29,TFM,111067076.82963905,111067076.82963905,0
2024-01-02,TFM,111067076.82963905,111067076.82963905,0
2024-01-03,TFM,111067076.82963905,111067076.82963905,0
2024-01-04,TFM,111067076.82963905,111067076.82963905,0
2024-01-05,TFM,111067076.82963905,111067076.82963905,0
2024-01-08,TFM,111067076.82963905,111067076.82963905,0
2024-01-09,TFM,111067076.82963905,111067076.82963905,0
2024-01-10,TFM,111067076.82963905,111067076.82963905,0
2024-01-11,TFM,111067076.82963905,111067076.82963905,0
2024-01-12,TFM,111067076.82963905,111067076.82963905,0
2024-01-15,TFM,111067076.82963905,111067076.82963905,0
2024-01-16,TFM,111067076.82963905,111067076.82963905,0
2024-01-17,TFM,111067076.82963905,111067076.82963905,0
2024-01-18,TFM,111067076.82963905,111067076.82963905,0
2024-01-19,TFM,111067076.82963905,111067076.82963905,0
2024-01-22,TFM,111067076.82963905,111067076.82963905,0
2024-01-23,TFM,111067076.82963905,111067076.82963905,0
2024-01-24,TFM,111067076.82963905,111067076.82963905,0
2024-01-26,TFM,111067076.82963905,111067076.82963905,0
2024-01-29,TFM,111067076.82963905,111067076.82963905,0
2024-01-30,TFM,111067076.82963905,111067076.82963905,0
2024-01-31,TFM,111067076.82963905,111067076.82963905,0
2024-02-01,TFM,111067076.82963905,111067076.82963905,0
2024-02-05,TFM,95610883.34814061,111263056.78564061,1
2024-02-06,TFM,95610883.34814061,111353794.28564061,1
2024-02-07,TFM,95610883.34814061,111474777.09814061,1
2024-02-15,TFM,95610883.34814061,111338670.84814061,1
2024-02-16,TFM,95610883.34814061,111505023.97314061,1
2024-02-19,TFM,95610883.34814061,111489900.53564061,1
2024-02-20,TFM,95610883.34814061,111384039.59814061,1
2024-02-21,TFM,95610883.34814061,111626006.78564061,1
2024-02-22,TFM,95610883.34814061,111429408.34814061,1
2024-02-23,TFM,95610883.34814061,111323548.97314061,1
2024-02-26,TFM,87426248.45004648,112051005.48129648,2
2024-02-27,TFM,87426248.45004648,111943060.95004648,2
2024-02-28,TFM,61351668.27690977,112120965.93315977,3
2024-02-29,TFM,61351668.27690977,112706107.33940977,3
2024-03-01,TFM,61351668.27690977,113307968.27690977,3
2024-03-04,TFM,61351668.27690977,113254534.68315977,3
2024-03-05,TFM,61351668.27690977,113468119.05815977,3
2024-03-06,TFM,61351668.27690977,113009897.96440977,3
2024-03-07,TFM,61351668.27690977,113604937.02690977,3
2024-03-08,TFM,61351668.27690977,112419233.12065977,3
2024-03-11,TFM,61351668.27690977,112002032.33940977,3
2024-03-12,TFM,69156141.09621836,112245320.78371836,2
2024-03-13,TFM,69156141.09621836,114205982.50246836,2
2024-03-14,TFM,69156141.09621836,114133898.12746836,2
2024-03-15,TFM,69156141.09621836,113946626.25246836,2
2024-03-18,TFM,69156141.09621836,112663967.65871836,2
2024-03-19,TFM,69156141.09621836,112152317.65871836,2
2024-03-20,TFM,69156141.09621836,113287275.47121836,2
2024-03-21,TFM,69156141.09621836,113868745.00246836,2
2024-03-22,TFM,69156141.09621836,113780274.68996836,2
2024-03-25,TFM,69156141.09621836,113427915.31496836,2
2024-03-26,TFM,69156141.09621836,113939566.87746836,2
2024-03-27,TFM,69156141.09621836,114330234.06496836,2
2024-03-28,TFM,69156141.09621836,115086119.22121836,2
2024-03-29,TFM,69156141.09621836,114526830.93996836,2
2024-04-01,TFM,69156141.09621836,114788452.81496836,2
2024-04-02,TFM,69156141.09621836,114890786.40871836,2
2024-04-03,TFM,69156141.09621836,113990730.93996836,2
2024-04-04,TFM,69156141.09621836,113536041.87746836,2
2024-04-05,TFM,69156141.09621836,112877953.59621836,2
2024-04-08,TFM,95603699.18635118,112632053.87385118,1
2024-04-09,TFM,112580990.09523204,112580990.09523204,0
2024-04-10,TFM,112580990.09523204,112580990.09523204,0
2024-04-11,TFM,99279430.13898204,112524430.13898204,1
2024-04-12,TFM,99279430.13898204,112629430.13898204,1
2024-04-15,TFM,99279430.13898204,111999430.13898204,1
2024-04-16,TFM,111961286.03898205,111961286.03898205,0
2024-04-17,TFM,111961286.03898205,111961286.03898205,0
2024-04-19,TFM,111961286.03898205,111961286.03898205,0
2024-04-22,TFM,111961286.03898205,111961286.03898205,0
2024-04-23,TFM,111961286.03898205,111961286.03898205,0
2024-04-24,TFM,111961286.03898205,111961286.03898205,0
2024-04-25,TFM,102679993.41534942,111995683.25909942,1
2024-04-26,TFM,102679993.41534942,111995683.25909942,1
2024-05-02,TFM,102679993.41534942,112305702.00909942,1
2024-05-03,TFM,97098849.23784943,112188697.67534943,2
2024-05-06,TFM,97098849.23784943,112577242.20659943,2
2024-05-07,TFM,97098849.23784943,112957015.64409943,2
2024-05-08,TFM,85465620.53034943,113281102.56159943,3
2024-05-09,TFM,85465620.53034943,113268172.87409943,3
2024-05-10,TFM,85465620.53034943,113291102.56159943,3
2024-05-13,TFM,85465620.53034943,113057804.12409943,3
2024-05-14,TFM,85465620.53034943,112593295.53034943,3
2024-05-15,TFM,85465620.53034943,113145507.24909943,3
2024-05-16,TFM,85465620.53034943,113153805.68659943,3
2024-05-17,TFM,85465620.53034943,112980752.56159943,3
2024-05-20,TFM,85465620.53034943,112922331.46784943,3
2024-05-21,TFM,85465620.53034943,113049174.43659943,3
2024-05-22,TFM,85465620.53034943,113310403.34284943,3
2024-05-23,TFM,85465620.53034943,114152596.31159943,3
2024-05-24,TFM,85465620.53034943,113789155.68659943,3
2024-05-27,TFM,85465620.53034943,113897208.81159943,3
2024-05-28,TFM,85465620.53034943,114439788.49909943,3
2024-05-29,TFM,85465620.53034943,114226490.06159943,3
2024-05-30,TFM,85465620.53034943,114358560.37409943,3
2024-05-31,TFM,85465620.53034943,114303314.28034943,3
2024-06-04,TFM,85465620.53034943,114873579.12409943,3
2024-06-05,TFM,85465620.53034943,114814193.18659943,3
2024-06-06,TFM,85465620.53034943,114781386.15534943,3
2024-06-07,TFM,85465620.53034943,114862860.37409943,3
2024-06-10,TFM,85465620.53034943,115239089.28034943,3
2024-06-11,TFM,85465620.53034943,115733125.21784943,3
2024-06-12,TFM,85465620.53034943,116213881.46784943,3
2024-06-13,TFM,85465620.53034943,115829968.18659943,3
2024-06-14,TFM,85465620.53034943,115306925.21784943,3
2024-06-17,TFM,85465620.53034943,114835620.53034943,3
2024-06-18,TFM,97668915.83034943,115019350.98659943,2
2024-06-19,TFM,97668915.83034943,115433698.64284943,2
2024-06-20,TFM,97668915.83034943,115610220.51784943,2
2024-06-21,TFM,97668915.83034943,115853698.64284943,2
2024-06-24,TFM,97668915.83034943,115355872.08034943,2
2024-06-25,TFM,97668915.83034943,115173263.48659943,2
2024-06-26,TFM,97668915.83034943,115389785.36159943,2
2024-06-27,TFM,97668915.83034943,115556741.61159943,2
2024-06-28,TFM,97668915.83034943,115256741.61159943,2
2024-07-01,TFM,97668915.83034943,115431524.42409943,2
2024-07-02,TFM,97668915.83034943,115399350.98659943,2
2024-07-03,TFM,97668915.83034943,115610220.51784943,2
2024-07-04,TFM,97668915.83034943,115987611.14284943,2
2024-07-05,TFM,88871349.24534944,116282218.77659944,3
2024-07-08,TFM,88871349.24534944,117010479.71409944,3
2024-07-09,TFM,88871349.24534944,116707871.12034944,3
2024-07-10,TFM,88871349.24534944,116353523.46409944,3
2024-07-11,TFM,88871349.24534944,116276566.43284944,3
2024-07-12,TFM,88871349.24534944,116246132.05784944,3
2024-07-15,TFM,88871349.24534944,116440479.71409944,3
2024-07-16,TFM,88871349.24534944,116353523.46409944,3
2024-07-17,TFM,88871349.24534944,115690914.08909944,3
2024-07-18,TFM,95202307.18284944,115824046.24534944,2
2024-07-19,TFM,106351381.92907894,115731381.92907894,1
2024-07-22,TFM,106351381.92907894,115621381.92907894,1
2024-07-23,TFM,106351381.92907894,115451381.92907894,1
2024-07-24,TFM,106351381.92907894,115651381.92907894,1
2024-07-25,TFM,106351381.92907894,115621381.92907894,1
2024-07-26,TFM,106351381.92907894,115911381.92907894,1
2024-07-29,TFM,106351381.92907894,115911381.92907894,1
2024-07-30,TFM,106351381.92907894,115771381.92907894,1
2024-07-31,TFM,106351381.92907894,115531381.92907894,1
2024-08-01,TFM,106351381.92907894,115411381.92907894,1
2024-08-02,TFM,106351381.92907894,115851381.92907894,1
2024-08-05,TFM,106351381.92907894,115451381.92907894,1
2024-08-06,TFM,106351381.92907894,115751381.92907894,1
2024-08-07,TFM,99016736.43907894,115956736.43907894,2
2024-08-08,TFM,99016736.43907894,115796736.43907894,2
2024-08-09,TFM,91196056.3946559,115893047.0196559,3
2024-08-12,TFM,91196056.3946559,116118711.8634059,3
2024-08-13,TFM,91196056.3946559,116103528.2696559,3
2024-08-14,TFM,91196056.3946559,116241120.4571559,3
2024-08-15,TFM,91196056.3946559,116104973.5821559,3
2024-08-16,TFM,91196056.3946559,116558230.6134059,3
2024-08-19,TFM,91196056.3946559,116919079.0509059,3
2024-08-20,TFM,91196056.3946559,116689079.0509059,3
2024-08-21,TFM,91196056.3946559,116576671.2384059,3
2024-08-22,TFM,91196056.3946559,116459079.0509059,3
2024-08-23,TFM,91196056.3946559,116548116.5509059,3
2024-08-26,TFM,91196056.3946559,116260524.3634059,3
2024-08-27,TFM,91196056.3946559,116313895.4571559,3
2024-08-28,TFM,91196056.3946559,116442450.9259059,3
2024-08-29,TFM,91196056.3946559,116244377.4884059,3
2024-08-30,TFM,91196056.3946559,116234858.7384059,3
2024-09-04,TFM,91196056.3946559,116011968.8946559,3
2024-09-05,TFM,91196056.3946559,115804858.7384059,3
2024-09-06,TFM,100298677.80715589,115843627.02590589,2
2024-09-09,TFM,100298677.80715589,115840737.96340589,2
2024-09-10,TFM,100298677.80715589,115793627.02590589,2
2024-09-11,TFM,100298677.80715589,115716035.61965589,2
2024-09-12,TFM,100298677.80715589,115726035.61965589,2
2024-09-13,TFM,100298677.80715589,114802269.99465589,2
2024-09-16,TFM,100298677.80715589,114537221.55715589,2
2024-09-17,TFM,114504493.73658559,114504493.73658559,0
2024-09-18,TFM,114504493.73658559,114504493.73658559,0
2024-09-19,TFM,102121206.79969643,114566191.17469643,1
2024-09-20,TFM,102121206.79969643,114566191.17469643,1
2024-09-23,TFM,102121206.79969643,114531621.83875893,1
2024-09-24,TFM,102121206.79969643,114583475.35438393,1
2024-09-25,TFM,102121206.79969643,114566191.17469643,1
2024-09-26,TFM,75517130.48530869,114599790.05562119,2
2024-09-27,TFM,75517130.48530869,114807206.07124619,2
2024-09-30,TFM,75517130.48530869,114789921.89155869,2
2024-10-01,TFM,75517130.48530869,114582804.50874619,2
2024-10-02,TFM,75517130.48530869,114461512.71187119,2
2024-10-03,TFM,75517130.48530869,114324431.85249619,2
2024-10-04,TFM,75517130.48530869,113704573.25874619,2
2024-10-07,TFM,75517130.48530869,113876821.69624619,2
2024-10-08,TFM,75517130.48530869,113859536.53999619,2
2024-10-09,TFM,75517130.48530869,114392972.28218369,2
2024-10-10,TFM,75517130.48530869,114307146.69624619,2
2024-10-11,TFM,67481084.47030869,114467224.89999619,3
2024-10-14,TFM,67481084.47030869,114627417.28280869,3
2024-10-15,TFM,67481084.47030869,114505765.32968369,3
2024-10-16,TFM,67481084.47030869,114362955.17343369,3
2024-10-17,TFM,67481084.47030869,114921819.82187119,3
2024-10-18,TFM,67481084.47030869,114603446.18905869,3
2024-10-21,TFM,67481084.47030869,114117954.39218369,3
2024-10-22,TFM,67481084.47030869,113505776.65780869,3
2024-10-23,TFM,79544091.76336655,113519493.91180405,2
2024-10-24,TFM,105501420.24961142,113351420.24961142,1
2024-10-25,TFM,105501420.24961142,113221420.24961142,1
2024-10-28,TFM,113198269.89961143,113198269.89961143,0
2024-10-29,TFM,113198269.89961143,113198269.89961143,0
2024-10-30,TFM,113198269.89961143,113198269.89961143,0
2024-10-31,TFM,113198269.89961143,113198269.89961143,0
2024-11-01,TFM,113198269.89961143,113198269.89961143,0
2024-11-04,TFM,113198269.89961143,113198269.89961143,0
2024-11-05,TFM,113198269.89961143,113198269.89961143,0
2024-11-06,TFM,113198269.89961143,113198269.89961143,0
2024-11-07,TFM,113198269.89961143,113198269.89961143,0
2024-11-08,TFM,113198269.89961143,113198269.89961143,0
2024-11-11,TFM,113198269.89961143,113198269.89961143,0
2024-11-12,TFM,96346439.67347549,113013106.86097549,1
2024-11-13,TFM,96346439.67347549,112740378.73597549,1
2024-11-14,TFM,96346439.67347549,112285833.42347549,1
2024-11-15,TFM,112238035.16646768,112238035.16646768,0
2024-11-18,TFM,112238035.16646768,112238035.16646768,0
2024-11-19,TFM,112238035.16646768,112238035.16646768,0
2024-11-20,TFM,112238035.16646768,112238035.16646768,0
2024-11-21,TFM,112238035.16646768,112238035.16646768,0
2024-11-22,TFM,112238035.16646768,112238035.16646768,0
2024-11-25,TFM,112238035.16646768,112238035.16646768,0
2024-11-26,TFM,112238035.16646768,112238035.16646768,0
2024-11-27,TFM,112238035.16646768,112238035.16646768,0
2024-11-28,TFM,112238035.16646768,112238035.16646768,0
2024-11-29,TFM,112238035.16646768,112238035.16646768,0
2024-12-02,TFM,99665104.32278584,112030321.51028584,1
2024-12-03,TFM,99665104.32278584,112273799.63528584,1
2024-12-04,TFM,99665104.32278584,112143365.26028584,1
2024-12-05,TFM,99665104.32278584,112578148.07278584,1
2024-12-06,TFM,71850336.72641148,112419432.62484898,2
2024-12-09,TFM,71850336.72641148,112354148.44516148,2
2024-12-10,TFM,71850336.72641148,112495487.31234898,2
2024-12-11,TFM,71850336.72641148,112582443.56234898,2
2024-12-12,TFM,71850336.72641148,112518329.49984898,2
2024-12-13,TFM,71850336.72641148,112495487.31234898,2
2024-12-16,TFM,71850336.72641148,112454215.43734898,2
2024-12-17,TFM,71850336.72641148,112288997.46859898,2
2024-12-18,TFM,71850336.72641148,112349867.78109898,2
2024-12-19,TFM,71850336.72641148,112259668.36703648,2
2024-12-20,TFM,71850336.72641148,112343380.08578648,2
2024-12-23,TFM,71850336.72641148,112445519.34359898,2
2024-12-24,TFM,71850336.72641148,112459668.36703648,2
2024-12-25,TFM,71850336.72641148,114015504.10922398,2
2024-12-26,TFM,71850336.72641148,113928547.07797398,2
2024-12-27,TFM,71850336.72641148,114367473.05453648,2
2024-12-30,TFM,71850336.72641148,114521786.53109898,2
2024-12-31,TFM,71850336.72641148,113859120.51547398,2
2025-01-02,TFM,71850336.72641148,114043798.44516148,2
2025-01-03,TFM,71850336.72641148,113098456.84359898,2
2025-01-06,TFM,71850336.72641148,113124543.56234898,2
2025-01-07,TFM,71850336.72641148,113384239.46078648,2
2025-01-08,TFM,71850336.72641148,113493902.54672398,2
2025-01-09,TFM,71850336.72641148,113233170.51547398,2
2025-01-10,TFM,71850336.72641148,113178787.89828648,2
2025-01-13,TFM,71850336.72641148,113356980.47641148,2
2025-01-14,TFM,84646631.23395249,112748097.05426499,1
2025-01-15,TFM,84646631.23395249,112595991.97613999,1
2025-01-16,TFM,112701738.95089439,112701738.95089439,0
2025-01-17,TFM,112701738.95089439,112701738.95089439,0
2025-01-20,TFM,112701738.95089439,112701738.95089439,0
2025-01-21,TFM,112701738.95089439,112701738.95089439,0
2025-01-22,TFM,112701738.95089439,112701738.95089439,0
2025-01-23,TFM,112701738.95089439,112701738.95089439,0
2025-01-24,TFM,85848118.85089439,112526378.22589439,1
2025-02-03,TFM,85848118.85089439,111152467.28839439,1
2025-02-04,TFM,111163281.36346275,111163281.36346275,0
2025-02-05,TFM,83694898.57674888,110901017.71737388,1
2025-02-06,TFM,83694898.57674888,111004724.74862388,1
2025-02-07,TFM,83694898.57674888,111903529.43612388,1
2025-02-10,TFM,83694898.57674888,111557836.07674888,1
2025-02-11,TFM,83694898.57674888,111834390.76424888,1
2025-02-12,TFM,83694898.57674888,111696113.42049888,1
2025-02-13,TFM,83694898.57674888,111938099.74862388,1
2025-02-14,TFM,83694898.57674888,111730681.77987388,1
2025-02-17,TFM,83694898.57674888,111454127.09237388,1
2025-02-18,TFM,83694898.57674888,111557836.07674888,1
2025-02-19,TFM,83694898.57674888,111696113.42049888,1
2025-02-20,TFM,83694898.57674888,111938099.74862388,1
2025-02-21,TFM,83694898.57674888,112387500.13924888,1
2025-02-24,TFM,83694898.57674888,112664056.77987388,1
2025-02-25,TFM,83694898.57674888,112629486.46737388,1
2025-02-26,TFM,83694898.57674888,112283793.10799888,1
2025-02-27,TFM,83694898.57674888,112387500.13924888,1
2025-02-28,TFM,83694898.57674888,112387500.13924888,1
2025-03-03,TFM,83694898.57674888,112214654.43612388,1
2025-03-04,TFM,83694898.57674888,112456640.76424888,1
2025-03-05,TFM,83694898.57674888,112180084.12362388,1
2025-03-06,TFM,83694898.57674888,112491209.12362388,1
2025-03-07,TFM,83694898.57674888,113009750.13924888,1
2025-03-10,TFM,83694898.57674888,113044320.45174888,1
2025-03-11,TFM,83694898.57674888,113148027.48299888,1
2025-03-12,TFM,83694898.57674888,113182597.79549888,1
2025-03-13,TFM,83694898.57674888,112940611.46737388,1
2025-03-14,TFM,83694898.57674888,112940611.46737388,1
2025-03-17,TFM,83694898.57674888,113148027.48299888,1
2025-03-18,TFM,83694898.57674888,112733195.45174888,1
2025-03-19,TFM,83694898.57674888,112422070.45174888,1
2025-03-20,TFM,83694898.57674888,112456640.76424888,1
2025-03-21,TFM,83694898.57674888,112491209.12362388,1
2025-03-24,TFM,83694898.57674888,112594918.10799888,1
2025-03-25,TFM,83694898.57674888,112940611.46737388,1
2025-03-26,TFM,83694898.57674888,112560347.79549888,1
2025-03-27,TFM,83694898.57674888,112456640.76424888,1
2025-03-28,TFM,83694898.57674888,112283793.10799888,1
2025-03-31,TFM,112094664.17346519,112094664.17346519,0
2025-04-01,TFM,112094664.17346519,112094664.17346519,0
2025-04-02,TFM,112094664.17346519,112094664.17346519,0
2025-04-03,TFM,112094664.17346519,112094664.17346519,0
2025-04-04,TFM,112094664.17346519,112094664.17346519,0
2025-04-08,TFM,112094664.17346519,112094664.17346519,0
2025-04-09,TFM,112094664.17346519,112094664.17346519,0
2025-04-10,TFM,112094664.17346519,112094664.17346519,0
2025-04-11,TFM,112094664.17346519,112094664.17346519,0
2025-04-14,TFM,112094664.17346519,112094664.17346519,0
2025-04-15,TFM,112094664.17346519,112094664.17346519,0
2025-04-16,TFM,112094664.17346519,112094664.17346519,0
2025-04-17,TFM,112094664.17346519,112094664.17346519,0
2025-04-18,TFM,112094664.17346519,112094664.17346519,0
2025-04-21,TFM,112094664.17346519,112094664.17346519,0
2025-04-22,TFM,112094664.17346519,112094664.17346519,0
2025-04-23,TFM,112094664.17346519,112094664.17346519,0
2025-04-24,TFM,112094664.17346519,112094664.17346519,0
2025-04-25,TFM,112094664.17346519,112094664.17346519,0
2025-04-28,TFM,112094664.17346519,112094664.17346519,0
2025-04-29,TFM,112094664.17346519,112094664.17346519,0
2025-05-05,TFM,112094664.17346519,112094664.17346519,0
2025-05-06,TFM,112094664.17346519,112094664.17346519,0
2025-05-07,TFM,112094664.17346519,112094664.17346519,0
2025-05-08,TFM,112094664.17346519,112094664.17346519,0
2025-05-09,TFM,112094664.17346519,112094664.17346519,0
2025-05-12,TFM,112094664.17346519,112094664.17346519,0
2025-05-13,TFM,112094664.17346519,112094664.17346519,0
2025-05-14,TFM,112094664.17346519,112094664.17346519,0
2025-05-15,TFM,112094664.17346519,112094664.17346519,0
2025-05-16,TFM,112094664.17346519,112094664.17346519,0
2025-05-19,TFM,100774300.12143421,112118173.36362171,1
2025-05-20,TFM,100774300.12143421,112118173.36362171,1
2025-05-21,TFM,100774300.12143421,112233456.66440296,1
2025-05-22,TFM,100774300.12143421,112325683.71518421,1
2025-05-23,TFM,94070915.10393421,112247845.27971546,2
2025-05-26,TFM,94070915.10393421,112857015.39690296,2
2025-05-27,TFM,94070915.10393421,112857015.39690296,2
2025-05-28,TFM,94070915.10393421,112913958.46330921,2
2025-05-29,TFM,94070915.10393421,112984788.34612171,2
2025-05-30,TFM,94070915.10393421,113058675.16252796,2
2025-06-02,TFM,94070915.10393421,113114788.34612171,2
2025-06-03,TFM,94070915.10393421,113114788.34612171,2
2025-06-04,TFM,94070915.10393421,113220902.21330921,2
2025-06-05,TFM,94070915.10393421,113101732.09612171,2
2025-06-06,TFM,94070915.10393421,113002561.97893421,2
2025-06-09,TFM,94070915.10393421,112323391.86174671,2
2025-06-10,TFM,105173883.50788477,112243883.50788477,1
2025-06-11,TFM,105173883.50788477,112433883.50788477,1
2025-06-12,TFM,105173883.50788477,112383883.50788477,1
2025-06-13,TFM,105173883.50788477,112173883.50788477,1
2025-06-16,TFM,105173883.50788477,111913883.50788477,1
2025-06-17,TFM,111803941.82038477,111803941.82038477,0
2025-06-18,TFM,111803941.82038477,111803941.82038477,0
2025-06-19,TFM,111803941.82038477,111803941.82038477,0
2025-06-20,TFM,111803941.82038477,111803941.82038477,0
2025-06-23,TFM,97619448.94153857,111913896.20716357,1
2025-06-24,TFM,97619448.94153857,111913896.20716357,1
2025-06-25,TFM,97619448.94153857,111983034.87903857,1
2025-06-26,TFM,97619448.94153857,112034889.37122607,1
2025-06-27,TFM,97619448.94153857,112104028.04310107,1
2025-06-30,TFM,97619448.94153857,112104028.04310107,1
2025-07-01,TFM,97619448.94153857,112104028.04310107,1
2025-07-02,TFM,97619448.94153857,112104028.04310107,1
2025-07-03,TFM,97619448.94153857,112104028.04310107,1
2025-07-04,TFM,97619448.94153857,112311444.05872607,1
2025-07-07,TFM,97619448.94153857,112968262.41810107,1
2025-07-08,TFM,97619448.94153857,112968262.41810107,1
2025-07-09,TFM,97619448.94153857,112968262.41810107,1
2025-07-10,TFM,97619448.94153857,113175679.41028857,1
2025-07-11,TFM,97619448.94153857,113175679.41028857,1
2025-07-14,TFM,91857944.62903857,112822188.76966357,2
2025-07-15,TFM,91857944.62903857,112822188.76966357,2
2025-07-16,TFM,91857944.62903857,112700335.25403857,2
2025-07-17,TFM,91857944.62903857,113266889.94153857,2
2025-07-18,TFM,91857944.62903857,113514175.09778857,2
2025-07-21,TFM,91857944.62903857,113083313.76966357,2
2025-07-22,TFM,91857944.62903857,113083313.76966357,2
2025-07-23,TFM,91857944.62903857,113496591.11341357,2
2025-07-24,TFM,91857944.62903857,113388876.26966357,2
2025-07-25,TFM,91857944.62903857,113456160.44935107,2
2025-07-28,TFM,91857944.62903857,113401591.11341357,2
2025-07-29,TFM,91857944.62903857,113401591.11341357,2
2025-07-30,TFM,91857944.62903857,112659342.08997607,2
2025-07-31,TFM,91857944.62903857,113304008.10560107,2
2025-08-01,TFM,91857944.62903857,113000299.12122607,2
2025-08-04,TFM,97152021.26653858,112932952.90716358,1
2025-08-05,TFM,97152021.26653858,112932952.90716358,1
2025-08-06,TFM,97152021.26653858,113226792.75091358,1
2025-08-07,TFM,59575541.023264155,113219919.73420165,3
2025-08-08,TFM,59575541.023264155,113649609.77326415,3
2025-08-11,TFM,59575541.023264155,113714484.77326415,3
2025-08-12,TFM,59575541.023264155,114149266.21857665,3
2025-08-13,TFM,59575541.023264155,115572115.04670165,3
2025-08-14,TFM,59575541.023264155,116125224.42170165,3
2025-08-15,TFM,59575541.023264155,118404380.86701415,3
2025-08-18,TFM,59575541.023264155,117908004.49982665,3
2025-08-19,TFM,59575541.023264155,117908004.49982665,3
2025-08-20,TFM,59575541.023264155,118670875.00763915,3
2025-08-21,TFM,59575541.023264155,118658961.53107665,3
2025-08-22,TFM,59575541.023264155,119656402.35138915,3
2025-08-25,TFM,59575541.023264155,116609987.50763915,3
2025-08-26,TFM,59575541.023264155,116609987.50763915,3
2025-08-27,TFM,59575541.023264155,119277247.85920165,3
2025-08-28,TFM,59575541.023264155,118749200.59357665,3
2025-08-29,TFM,59575541.023264155,118780742.78107665,3
2025-09-03,TFM,59575541.023264155,119355702.15607665,3
2025-09-04,TFM,59575541.023264155,119355702.15607665,3
2025-09-05,TFM,59575541.023264155,119377674.03107665,3
2025-09-08,TFM,59575541.023264155,117376524.22638915,3
2025-09-09,TFM,59575541.023264155,117376524.22638915,3
2025-09-10,TFM,59575541.023264155,117363266.21857665,3
2025-09-11,TFM,59575541.023264155,118111349.42170165,3
2025-09-12,TFM,59575541.023264155,118156787.89826415,3
2025-09-15,TFM,59575541.023264155,117931787.89826415,3
2025-09-16,TFM,59575541.023264155,118420960.35920165,3
2025-09-17,TFM,59575541.023264155,119328823.83576415,3
2025-09-18,TFM,59575541.023264155,118270300.78888915,3
2025-09-19,TFM,59575541.023264155,118009856.64826415,3
2025-09-22,TFM,59575541.023264155,116031299.81232665,3
2025-09-23,TFM,74331159.52326415,116386918.31232665,2
2025-09-24,TFM,116615830.49315917,116615830.49315917,0
2025-09-25,TFM,116615830.49315917,116615830.49315917,0
2025-09-26,TFM,116615830.49315917,116615830.49315917,0
2025-09-29,TFM,116615830.49315917,116615830.49315917,0
2025-09-30,TFM,116615830.49315917,116615830.49315917,0
2025-10-01,TFM,116615830.49315917,116615830.49315917,0
2025-10-02,TFM,110102825.61815917,116732825.61815917,1
2025-10-03,TFM,110102825.61815917,116452825.61815917,1
2025-10-06,TFM,110102825.61815917,117102825.61815917,1
2025-10-07,TFM,110102825.61815917,117102825.61815917,1
2025-10-08,TFM,110102825.61815917,117102825.61815917,1
2025-10-09,TFM,110102825.61815917,117362825.61815917,1
2025-10-10,TFM,110102825.61815917,117702825.61815917,1
2025-10-13,TFM,102523907.21875781,118867453.31250781,2
2025-10-14,TFM,102523907.21875781,118867453.31250781,2
2025-10-15,TFM,102523907.21875781,118596208.78125781,2
2025-10-16,TFM,102523907.21875781,118481519.71875781,2
2025-10-17,TFM,102523907.21875781,118643242.37500781,2
2025-10-20,TFM,93806500.6937578,116388275.6937578,3
2025-10-21,TFM,109759574.55523534,117389574.55523534,1
2025-10-22,TFM,109759574.55523534,117519574.55523534,1
2025-10-23,TFM,109759574.55523534,117559574.55523534,1
2025-10-24,TFM,109759574.55523534,117639574.55523534,1
2025-10-27,TFM,109759574.55523534,116979574.55523534,1
2025-10-28,TFM,109759574.55523534,116979574.55523534,1
2025-10-29,TFM,116688733.24273534,116688733.24273534,0
2025-10-30,TFM,116688733.24273534,116688733.24273534,0
2025-10-31,TFM,116688733.24273534,116688733.24273534,0
2025-11-03,TFM,116688733.24273534,116688733.24273534,0
2025-11-04,TFM,116688733.24273534,116688733.24273534,0
2025-11-05,TFM,116688733.24273534,116688733.24273534,0
2025-11-06,TFM,116688733.24273534,116688733.24273534,0
2025-11-07,TFM,116688733.24273534,116688733.24273534,0
2025-11-10,TFM,116688733.24273534,116688733.24273534,0
2025-11-11,TFM,116688733.24273534,116688733.24273534,0
2025-11-12,TFM,116688733.24273534,116688733.24273534,0
2025-11-13,TFM,116688733.24273534,116688733.24273534,0
2025-11-14,TFM,116688733.24273534,116688733.24273534,0
2025-11-17,TFM,110386148.52523534,116596148.52523534,1
2025-11-18,TFM,110386148.52523534,116456148.52523534,1
2025-11-19,TFM,110386148.52523534,116476148.52523534,1
2025-11-20,TFM,110386148.52523534,116456148.52523534,1
2025-11-21,TFM,110386148.52523534,116376148.52523534,1
2025-11-24,TFM,110386148.52523534,116686148.52523534,1
2025-11-25,TFM,110386148.52523534,116576148.52523534,1
2025-11-26,TFM,110386148.52523534,116666148.52523534,1
2025-11-27,TFM,110386148.52523534,116586148.52523534,1
2025-11-28,TFM,110386148.52523534,116786148.52523534,1
2025-12-01,TFM,110386148.52523534,116876148.52523534,1
2025-12-02,TFM,97279978.71523534,116999978.71523534,2
2025-12-03,TFM,97279978.71523534,116639978.71523534,2
2025-12-04,TFM,81207886.68523534,117507886.68523534,3
2025-12-05,TFM,81207886.68523534,117367886.68523534,3
2025-12-08,TFM,81207886.68523534,117617886.68523534,3
2025-12-09,TFM,81207886.68523534,117057886.68523534,3
2025-12-10,TFM,81207886.68523534,116817886.68523534,3
2025-12-11,TFM,81207886.68523534,116337886.68523534,3
2025-12-12,TFM,81207886.68523534,115187886.68523534,3
2025-12-15,TFM,99443039.54773535,114983039.54773535,1
2025-12-16,TFM,114956378.99773535,114956378.99773535,0
2025-12-17,TFM,114956378.99773535,114956378.99773535,0
2025-12-18,TFM,114956378.99773535,114956378.99773535,0
2025-12-19,TFM,114956378.99773535,114956378.99773535,0
2025-12-22,TFM,114956378.99773535,114956378.99773535,0
2025-12-23,TFM,114956378.99773535,114956378.99773535,0
2025-12-24,TFM,100302118.02898535,115242118.02898535,2
2025-12-25,TFM,100302118.02898535,115242118.02898535,2
2025-12-26,TFM,100302118.02898535,114502118.02898535,2
2025-12-29,TFM,100302118.02898535,114897118.02898535,2
2025-12-30,TFM,89300149.79398535,114750149.79398535,3
2025-12-31,TFM,89300149.79398535,114930149.79398535,3
2026-01-05,TFM,89300149.79398535,115560149.79398535,3
2026-01-06,TFM,89300149.79398535,116895149.79398535,3
2026-01-07,TFM,89300149.79398535,118190149.79398535,3
2026-01-08,TFM,89300149.79398535,117455149.79398535,3
2026-01-09,TFM,89300149.79398535,117800149.79398535,3
2026-01-12,TFM,89300149.79398535,117280149.79398535,3
2026-01-13,TFM,89300149.79398535,118315149.79398535,3
2026-01-14,TFM,89300149.79398535,118765149.79398535,3
2026-01-15,TFM,89300149.79398535,119240149.79398535,3
2026-01-16,TFM,97655020.26898536,119460020.26898536,2
2026-01-19,TFM,97655020.26898536,120585020.26898536,2
2026-01-20,TFM,97655020.26898536,121505020.26898536,2
2026-01-21,TFM,97655020.26898536,121530020.26898536,2
2026-01-22,TFM,97655020.26898536,120630020.26898536,2
2026-01-23,TFM,103741712.90023535,120121712.90023535,1
2026-01-26,TFM,103741712.90023535,120841712.90023535,1
2026-01-27,TFM,103741712.90023535,122011712.90023535,1
2026-01-28,TFM,103741712.90023535,121411712.90023535,1
2026-01-29,TFM,103741712.90023535,121051712.90023535,1
2026-01-30,TFM,103741712.90023535,121411712.90023535,1
2026-02-02,TFM,85084458.93523535,122094458.93523535,2
2026-02-03,TFM,85084458.93523535,121384458.93523535,2
2026-02-04,TFM,85084458.93523535,121444458.93523535,2
2026-02-05,TFM,74772960.02330332,120051142.05455332,3
2026-02-06,TFM,74772960.02330332,119298414.71080332,3
2026-02-09,TFM,84579826.51016366,119629826.51016366,2
2026-02-10,TFM,84579826.51016366,118429826.51016366,2
2026-02-11,TFM,84579826.51016366,118469826.51016366,2
2026-02-12,TFM,79889116.35445665,118190855.41695665,2
2026-02-13,TFM,79889116.35445665,118136072.60445665,2
2026-02-23,TFM,79889116.35445665,118010855.41695665,2
2026-02-24,TFM,79889116.35445665,117981289.79195665,2
2026-02-25,TFM,79889116.35445665,118489116.35445665,2
2026-02-26,TFM,69140381.10743965,118586073.29493965,3
2026-02-27,TFM,69140381.10743965,118059195.95118965,3
2026-03-02,TFM,69140381.10743965,116738800.63868965,3
2026-03-03,TFM,69140381.10743965,116738800.63868965,3
2026-03-04,TFM,86508142.88243966,115328696.78868966,2
2026-03-05,TFM,107087533.24600299,115462533.05069049,1
2026-03-06,TFM,107087533.24600299,114962533.24600299,1
2026-03-09,TFM,114390567.20752618,114390567.20752618,0
2026-03-10,TFM,114390567.20752618,114390567.20752618,0
2026-03-11,TFM,114390567.20752618,114390567.20752618,0
2026-03-12,TFM,114390567.20752618,114390567.20752618,0
2026-03-13,TFM,114390567.20752618,114390567.20752618,0
2026-03-16,TFM,114390567.20752618,114390567.20752618,0
2026-03-17,TFM,114390567.20752618,114390567.20752618,0
2026-03-18,TFM,114390567.20752618,114390567.20752618,0
2026-03-19,TFM,114390567.20752618,114390567.20752618,0
2026-03-20,TFM,114390567.20752618,114390567.20752618,0
2026-03-23,TFM,114390567.20752618,114390567.20752618,0
2026-03-24,TFM,114390567.20752618,114390567.20752618,0
2026-03-25,TFM,114390567.20752618,114390567.20752618,0
2026-03-26,TFM,114390567.20752618,114390567.20752618,0
2026-03-27,TFM,114390567.20752618,114390567.20752618,0
2026-03-30,TFM,114390567.20752618,114390567.20752618,0
2026-03-31,TFM,114390567.20752618,114390567.20752618,0
2026-04-01,TFM,114390567.20752618,114390567.20752618,0
2026-04-02,TFM,114390567.20752618,114390567.20752618,0
2026-04-03,TFM,114390567.20752618,114390567.20752618,0
2026-04-06,TFM,114390567.20752618,114390567.20752618,0
2026-04-07,TFM,114390567.20752618,114390567.20752618,0
2026-04-08,TFM,114390567.20752618,114390567.20752618,0
2026-04-09,TFM,114390567.20752618,114390567.20752618,0
2026-04-10,TFM,103969759.40752618,114151577.37627618,1
2026-04-13,TFM,103969759.40752618,114078850.03252618,1
2026-04-14,TFM,103969759.40752618,114351577.37627618,1
2026-04-15,TFM,103969759.40752618,114169759.40752618,1
2026-04-16,TFM,103969759.40752618,114133396.12627618,1
2026-04-17,TFM,103969759.40752618,114151577.37627618,1
2026-04-20,TFM,103969759.40752618,114315214.09502618,1
2026-04-21,TFM,103969759.40752618,114351577.37627618,1
2026-04-22,TFM,103969759.40752618,114224304.72002618,1
2026-04-23,TFM,103969759.40752618,114078850.03252618,1
2026-04-24,TFM,103969759.40752618,114115214.09502618,1
2026-04-28,TFM,103969759.40752618,114060668.78252618,1
2026-04-29,TFM,103969759.40752618,114060668.78252618,1
2026-05-04,TFM,103969759.40752618,114006122.68877618,1
2026-05-05,TFM,103969759.40752618,113897032.06377618,1
2026-05-06,TFM,113903517.67066583,113903517.67066583,0
2026-05-07,TFM,113903517.67066583,113903517.67066583,0
2026-05-08,TFM,113903517.67066583,113903517.67066583,0
2026-05-11,TFM,113903517.67066583,113903517.67066583,0
2026-05-12,TFM,113903517.67066583,113903517.67066583,0
2026-05-13,TFM,113903517.67066583,113903517.67066583,0
2026-05-14,TFM,113903517.67066583,113903517.67066583,0
2026-05-15,TFM,113903517.67066583,113903517.67066583,0
2026-05-18,TFM,113903517.67066583,113903517.67066583,0
2026-05-19,TFM,113903517.67066583,113903517.67066583,0
2026-05-20,TFM,107520772.89316583,113980772.89316583,1
2026-05-21,TFM,107520772.89316583,114010772.89316583,1
2026-05-22,TFM,107520772.89316583,113870772.89316583,1
2026-05-25,TFM,107520772.89316583,113890772.89316583,1
2026-05-26,TFM,107520772.89316583,113960772.89316583,1
2026-05-27,TFM,107520772.89316583,113940772.89316583,1
2026-05-28,TFM,107520772.89316583,113800772.89316583,1
2026-05-29,TFM,107520772.89316583,113720772.89316583,1
2026-06-01,TFM,107520772.89316583,113740772.89316583,1
2026-06-02,TFM,107520772.89316583,113680772.89316583,1
2026-06-03,TFM,113672270.60566583,113672270.60566583,0
2026-06-04,TFM,113672270.60566583,113672270.60566583,0
2026-06-05,TFM,113672270.60566583,113672270.60566583,0
2026-06-08,TFM,113672270.60566583,113672270.60566583,0
2026-06-09,TFM,113672270.60566583,113672270.60566583,0
2026-06-10,TFM,113672270.60566583,113672270.60566583,0
2026-06-11,TFM,113672270.60566583,113672270.60566583,0
2026-06-12,TFM,113672270.60566583,113672270.60566583,0
2026-06-15,TFM,113672270.60566583,113672270.60566583,0
2026-06-16,TFM,113672270.60566583,113672270.60566583,0
2026-06-17,TFM,113672270.60566583,113672270.60566583,0
2026-06-18,TFM,113672270.60566583,113672270.60566583,0
2026-06-19,TFM,113672270.60566583,113672270.60566583,0
2026-06-22,TFM,113672270.60566583,113672270.60566583,0
2026-06-23,TFM,113672270.60566583,113672270.60566583,0
2026-06-24,TFM,113672270.60566583,113672270.60566583,0
2026-06-25,TFM,113672270.60566583,113672270.60566583,0
2026-06-26,TFM,113672270.60566583,113672270.60566583,0
2026-06-29,TFM,113672270.60566583,113672270.60566583,0
2026-06-30,TFM,113672270.60566583,113672270.60566583,0
2026-07-01,TFM,113672270.60566583,113672270.60566583,0
2026-07-02,TFM,113672270.60566583,113672270.60566583,0
2026-07-03,TFM,113672270.60566583,113672270.60566583,0
2026-07-06,TFM,113672270.60566583,113672270.60566583,0
2026-07-07,TFM,113672270.60566583,113672270.60566583,0
2026-07-08,TFM,113672270.60566583,113672270.60566583,0
2026-07-09,TFM,113672270.60566583,113672270.60566583,0
2026-07-10,TFM,113672270.60566583,113672270.60566583,0
2026-07-13,TFM,113672270.60566583,113672270.60566583,0
2026-07-14,TFM,113672270.60566583,113672270.60566583,0
2026-07-15,TFM,113672270.60566583,113672270.60566583,0
2026-07-16,TFM,113672270.60566583,113672270.60566583,0
2026-07-17,TFM,113672270.60566583,113672270.60566583,0
2026-07-20,TFM,113672270.60566583,113672270.60566583,0
2026-07-21,TFM,113672270.60566583,113672270.60566583,0
2026-07-22,TFM,113672270.60566583,113672270.60566583,0
2026-07-23,TFM,113672270.60566583,113672270.60566583,0
2026-07-24,TFM,113672270.60566583,113672270.60566583,0
2026-07-27,TFM,113672270.60566583,113672270.60566583,0
2026-07-28,TFM,113672270.60566583,113672270.60566583,0
2026-07-29,TFM,113672270.60566583,113672270.60566583,0
2026-07-30,TFM,113672270.60566583,113672270.60566583,0
2026-07-31,TFM,101407781.42566583,113587781.42566583,1
2026-08-03,TFM,101407781.42566583,113467781.42566583,1
2026-08-04,TFM,101407781.42566583,113307781.42566583,1
2026-08-05,TFM,101407781.42566583,113127781.42566583,1
2026-08-06,TFM,101407781.42566583,113207781.42566583,1
2026-08-07,TFM,101407781.42566583,113807781.42566583,1
2026-08-10,TFM,101407781.42566583,113827781.42566583,1
2026-08-11,TFM,101407781.42566583,113807781.42566583,1
2026-08-12,TFM,101407781.42566583,113767781.42566583,1
2026-08-13,TFM,101407781.42566583,113727781.42566583,1
2026-08-14,TFM,101407781.42566583,113727781.42566583,1
2026-08-17,TFM,101407781.42566583,113847781.42566583,1
2026-08-18,TFM,101407781.42566583,113827781.42566583,1
2026-08-19,TFM,101407781.42566583,114027781.42566583,1
2026-08-20,TFM,101407781.42566583,114207781.42566583,1
2026-08-21,TFM,101407781.42566583,114167781.42566583,1
2026-08-24,TFM,101407781.42566583,114047781.42566583,1
2026-08-25,TFM,92970935.11066583,113840935.11066583,2
2026-08-26,TFM,92970935.11066583,113940935.11066583,2
2026-08-27,TFM,92970935.11066583,113900935.11066583,2
2026-08-28,TFM,92970935.11066583,113850935.11066583,2
2026-09-03,TFM,92970935.11066583,113610935.11066583,2
2026-09-04,TFM,92970935.11066583,113750935.11066583,2
2026-09-07,TFM,92970935.11066583,113390935.11066583,2
2026-09-08,TFM,92970935.11066583,113610935.11066583,2
2026-09-10,TFM,105194170.43566583,113654170.43566583,1
2026-09-11,TFM,105194170.43566583,113484170.43566583,1
