branch,symbol,sector,signal_date,entry_date,exit_date,entry_price,exit_price,shares,entry_cost,net_pnl,exit_reason,score
TFM,GAS,Năng lượng,2020-11-17,2020-11-18,2021-01-21,59995.7172421875,69370.078859375,400,24034284.327220317,3644377.137670312,TREND_EXIT,84.38
TFM,SSI,Chứng khoán,2020-11-18,2020-11-19,2021-01-28,6922.060374755859,10344.753746582031,1500,10398665.19797699,5079672.595346376,TREND_EXIT,76.56
TFM,MBB,Ngân hàng,2020-11-13,2020-11-16,2021-01-29,5998.867075195312,6546.059317382813,2100,12616517.289197022,1095840.4658906255,TREND_EXIT,77.68
TFM,PLX,Năng lượng,2021-02-22,2021-02-23,2021-03-12,57928.95,56171.9,100,5801584.3425,-198437.3174999999,TREND_EXIT,76.56
TFM,CTG,Ngân hàng,2021-03-17,2021-03-18,2021-04-27,19760.504220703126,18950.164708984375,500,9895072.48851709,-443677.83991113305,TREND_EXIT,100.0
TFM,MBB,Ngân hàng,2021-02-23,2021-02-26,2021-04-28,8244.59680078125,9096.8711640625,700,5779874.587187696,572015.7031189455,TREND_EXIT,91.07
TFM,CTG,Ngân hàng,2021-05-13,2021-05-14,2021-07-15,22542.322168945313,20902.914408203127,400,9030454.260879492,-690191.4120064443,TREND_EXIT,95.53
TFM,MBB,Ngân hàng,2021-05-10,2021-05-11,2021-07-19,10213.455738281249,11616.950337890627,900,9205898.329699805,1223218.8361415062,TREND_EXIT,89.91
TFM,FPT,Công nghệ,2021-02-03,2021-02-04,2021-07-20,33464.290189453124,46441.24822851563,400,13405794.649894923,5124263.393282812,TREND_EXIT,92.19
TFM,VHM,Bất động sản,2021-08-13,2021-08-16,2021-08-19,46908.059496093745,42286.53756054688,200,9395684.317067578,-959520.0737384744,STOP_CLOSE,88.28
TFM,FPT,Công nghệ,2021-07-26,2021-07-27,2021-08-27,51750.4716796875,49836.71761328125,200,10365619.477441408,-423194.3135917969,TREND_EXIT,88.28
TFM,MWG,Bán lẻ,2021-11-15,2021-11-16,2021-12-06,69034.5,66716.625,300,20741415.525000002,-776465.4937500022,TREND_EXIT,78.75
TFM,FPT,Công nghệ,2021-11-25,2021-11-26,2021-12-06,54875.23640625,52301.16836523438,500,27478774.63042969,-1393566.908269044,STOP_CLOSE,84.38
TFM,VHM,Bất động sản,2021-12-21,2021-12-22,2021-12-24,43421.7,41329.325000000004,200,8697366.51,-452166.1724999985,STOP_CLOSE,92.19
TFM,VCB,Ngân hàng,2022-01-13,2022-01-14,2022-02-23,69382.68181640624,73629.54962109376,100,6948675.583913085,395871.9907910172,TREND_EXIT,91.07
TFM,BID,Ngân hàng,2021-12-31,2022-01-04,2022-02-28,25821.822427734372,30392.643732421875,400,10344222.06455039,1782442.7846859377,TREND_EXIT,82.14
TFM,MBB,Ngân hàng,2022-01-13,2022-01-14,2022-03-08,12251.531884277343,13193.536650390626,900,11042918.263893384,801579.2639948018,TREND_EXIT,100.0
TFM,MWG,Bán lẻ,2022-02-22,2022-02-23,2022-03-09,68884.425,67016.475,100,6898775.16375,-213881.7824999988,TREND_EXIT,92.19
TFM,FPT,Công nghệ,2022-03-08,2022-03-09,2022-03-16,51860.112410156245,49891.48318554688,300,15581370.773631444,-651344.4303565379,STOP_CLOSE,100.0
TFM,FPT,Công nghệ,2022-03-28,2022-03-29,2022-04-27,54052.93092773437,56134.762328125005,200,10826802.064825196,372083.01963574253,TREND_EXIT,100.0
TFM,CTG,Ngân hàng,2023-07-11,2023-07-12,2023-07-31,18757.159048828125,18491.03891796875,800,15028235.829921097,-272386.7733820304,TREND_EXIT,86.61
TFM,VRE,Bất động sản,2023-07-31,2023-08-01,2023-08-04,29714.85,28585.7,400,11903768.91,-498074.6099999994,STOP_CLOSE,82.81
TFM,VCB,Ngân hàng,2023-07-25,2023-07-26,2023-08-16,91945.95,88755.6,100,9208386.8925,-355015.79250000045,TREND_EXIT,82.14
TFM,VHM,Bất động sản,2023-07-17,2023-07-18,2023-08-22,29264.625,28385.800000000003,400,11723408.775,-397474.5749999974,STOP_CLOSE,96.09
TFM,HPG,Vật liệu,2023-09-06,2023-09-07,2023-09-19,19982.437397460937,19274.104220703128,1000,20012411.05355713,-786492.0934057608,TREND_EXIT,76.56
TFM,SSI,Chứng khoán,2023-08-22,2023-08-23,2023-09-26,18631.14685546875,18612.52501953125,400,7463637.4303007815,-37239.94750781264,TREND_EXIT,80.47
TFM,VNM,Hàng tiêu dùng,2023-08-28,2023-08-29,2023-09-27,77538.75,76261.85,300,23296517.4375,-475158.82499999925,TREND_EXIT,78.75
TFM,BID,Ngân hàng,2024-02-23,2024-02-26,2024-03-12,40861.881667968744,39120.1645078125,200,8184634.89809414,-380162.0787855461,TREND_EXIT,94.38
TFM,SSI,Chứng khoán,2024-02-27,2024-02-28,2024-04-08,21696.272402343748,22094.868914062503,1200,26074580.173136715,372977.9169961028,TREND_EXIT,84.38
TFM,FPT,Công nghệ,2024-02-01,2024-02-05,2024-04-09,77165.21957812499,85099.20255078125,200,15456193.481498437,1521097.4273824263,TREND_EXIT,86.56
TFM,VHM,Bất động sản,2024-04-10,2024-04-11,2024-04-16,22136.0625,21189.4,600,13301559.95625,-619704.0562500004,STOP_CLOSE,75.0
TFM,PLX,Năng lượng,2024-05-07,2024-05-08,2024-06-18,38719.35,40779.600000000006,300,11633228.707500001,570066.5925000012,TREND_EXIT,80.47
TFM,MWG,Bán lẻ,2024-05-02,2024-05-03,2024-07-18,55727.85,63468.25,100,5581144.1775,749813.7599999998,TREND_EXIT,92.19
TFM,FPT,Công nghệ,2024-04-24,2024-04-25,2024-07-19,92673.91536328124,111770.17289453125,100,9281292.623632617,1867782.1225968748,TREND_EXIT,96.09
TFM,PLX,Năng lượng,2024-07-04,2024-07-05,2024-09-06,43921.95,45627.175,200,8797566.585,305054.82749999873,TREND_EXIT,80.47
TFM,VNM,Hàng tiêu dùng,2024-08-06,2024-08-07,2024-09-17,73236.59999999999,71964.0,100,7334645.489999999,-156236.4899999993,TREND_EXIT,82.81
TFM,GAS,Năng lượng,2024-08-08,2024-08-09,2024-09-17,78089.66594531249,70450.19478125,100,7820680.0444230465,-793273.114993358,TREND_EXIT,75.0
TFM,CTG,Ngân hàng,2024-09-18,2024-09-19,2024-10-23,24729.479654296872,24186.480788085937,500,12383286.936889159,-320279.6438312959,TREND_EXIT,82.14
TFM,MBB,Ngân hàng,2024-09-25,2024-09-26,2024-10-24,14757.905538574218,14456.880248535157,1800,26604076.314387742,-646747.8281428665,TREND_EXIT,94.38
TFM,MSN,Hàng tiêu dùng,2024-10-10,2024-10-11,2024-10-28,80240.09999999999,77161.40000000001,100,8036046.015,-339196.36499999836,STOP_CLOSE,80.47
TFM,HPG,Vật liệu,2024-11-11,2024-11-12,2024-11-15,21033.23792578125,19914.280066406252,800,16851830.22613594,-960234.7331437487,STOP_CLOSE,92.19
TFM,FPT,Công nghệ,2024-11-29,2024-12-02,2025-01-14,125540.99694140624,128283.6542109375,100,12572930.843681837,223363.6638591811,TREND_EXIT,94.38
TFM,CTG,Ngân hàng,2024-12-05,2024-12-06,2025-01-16,25248.279940429686,25568.564791015626,1100,27814767.596374366,240340.1205675304,TREND_EXIT,100.0
TFM,FPT,Công nghệ,2025-01-23,2025-01-24,2025-02-04,134067.0,126893.04517578126,200,26853620.1,-1538457.5874316394,STOP_CLOSE,100.0
TFM,CTG,Ngân hàng,2025-02-04,2025-02-05,2025-03-31,27427.24192382812,28470.942954101563,1000,27468382.786713865,931382.8100024462,TREND_EXIT,94.38
TFM,MBB,Ngân hàng,2025-05-16,2025-05-19,2025-06-10,16147.727055175781,15901.136274902345,700,11320364.052030982,-217395.64808041975,TREND_EXIT,95.53
TFM,VHM,Bất động sản,2025-05-22,2025-05-23,2025-06-17,33466.725,33233.375,200,6703385.0175,-73326.70500000007,TREND_EXIT,94.38
TFM,VIC,Bất động sản,2025-07-11,2025-07-14,2025-08-04,57528.75,53073.450000000004,100,5761504.3125,-467427.6749999998,STOP_CLOSE,78.75
TFM,VRE,Bất động sản,2025-08-06,2025-08-07,2025-09-23,30815.399999999998,29585.2,500,15430811.549999999,-675193.0499999989,TREND_EXIT,76.56
TFM,CTG,Ngân hàng,2025-06-20,2025-06-23,2025-09-24,28326.496013671873,34206.59517773438,500,14184492.87884619,2876046.466048833,TREND_EXIT,77.68
TFM,MBB,Ngân hàng,2025-08-06,2025-08-07,2025-09-24,20102.27267578125,22988.5,1100,22145668.693274416,3078462.931725584,TREND_EXIT,89.91
TFM,CTG,Ngân hàng,2025-10-10,2025-10-13,2025-10-21,37837.835244140624,36487.032513671875,200,7578918.399401368,-299755.41292382777,STOP_CLOSE,85.45
TFM,MSN,Hàng tiêu dùng,2025-10-17,2025-10-20,2025-10-21,87043.5,86956.5,100,8717406.525,-43495.65000000037,STOP_CLOSE,80.47
TFM,VRE,Bất động sản,2025-10-01,2025-10-02,2025-10-29,32516.25,34732.625,200,6513004.875,416153.8125,TREND_EXIT,84.38
TFM,VNM,Hàng tiêu dùng,2025-11-14,2025-11-17,2025-12-15,62931.45,60269.850000000006,100,6302584.7175,-290667.17999999877,TREND_EXIT,84.38
TFM,GAS,Năng lượng,2025-12-01,2025-12-02,2025-12-15,65432.7,61269.350000000006,200,13106169.81,-882934.4849999975,STOP_CLOSE,82.81
TFM,MWG,Bán lẻ,2025-12-03,2025-12-04,2025-12-16,80240.09999999999,77761.1,200,16072092.03,-558752.5799999963,TREND_EXIT,84.38
TFM,MWG,Bán lẻ,2025-12-23,2025-12-24,2026-01-16,87643.79999999999,83758.1,100,8777526.569999998,-422656.09499999695,TREND_EXIT,100.0
TFM,VHM,Bất động sản,2025-12-23,2025-12-24,2026-01-23,58679.325,61019.475000000006,100,5876734.398750001,209958.23250000086,TREND_EXIT,76.56
TFM,HPG,Vật liệu,2026-02-04,2026-02-05,2026-02-09,25740.13707421875,24578.61274902344,400,10311498.911932033,-504632.4250716809,STOP_CLOSE,84.38
TFM,PLX,Năng lượng,2025-12-29,2025-12-30,2026-02-12,36618.299999999996,52573.700000000004,300,11001968.235,4730711.490000004,TREND_EXIT,78.91
TFM,MWG,Bán lẻ,2026-01-30,2026-02-02,2026-03-04,93146.54999999999,87056.45000000001,200,18657253.964999996,-1289492.1899999902,TREND_EXIT,100.0
TFM,MBB,Ngân hàng,2026-02-11,2026-02-12,2026-03-05,25491.000849609372,23857.629670898437,800,20423389.88070703,-1385001.4033300728,STOP_CLOSE,91.07
TFM,HPG,Vật liệu,2026-02-25,2026-02-26,2026-03-05,26831.59073144531,25396.387250976564,400,10748735.24701699,-615576.7338773422,STOP_CLOSE,84.38
TFM,SSI,Chứng khoán,2026-03-04,2026-03-05,2026-03-09,28597.625651367187,24404.45768261719,300,8592156.626953272,-1289122.6654300774,STOP_CLOSE,84.38
TFM,HPG,Vật liệu,2026-04-09,2026-04-10,2026-05-06,26013.0,24896.637250976564,400,10420807.8,-487049.5368603524,TREND_EXIT,92.19
TFM,VCB,Ngân hàng,2026-05-19,2026-05-20,2026-06-03,63731.85,61669.15,100,6382744.777500001,-231247.0650000004,TREND_EXIT,81.7
TFM,VNM,Hàng tiêu dùng,2026-07-30,2026-07-31,2026-09-10,61230.6,61269.350000000006,200,12264489.180000002,-41253.854999998584,TREND_EXIT,82.81
